,url,segment,word,count,bloom_stage
0,http://ko.wikipedia.org/wiki/%ea%b4%84%ed%98%b8,120-180,끝나다,1,evaluate
1,http://ko.wikipedia.org/wiki/%ea%b4%84%ed%98%b8,120-180,나다,1,unknown
2,http://ko.wikipedia.org/wiki/%ea%b4%84%ed%98%b8,120-180,나타내다,1,apply
3,http://ko.wikipedia.org/wiki/%ea%b4%84%ed%98%b8,120-180,넣다,1,apply
4,http://ko.wikipedia.org/wiki/%ea%b4%84%ed%98%b8,120-180,늘다,2,evaluate
5,http://ko.wikipedia.org/wiki/%ea%b4%84%ed%98%b8,120-180,다루다,1,apply
6,http://ko.wikipedia.org/wiki/%ea%b4%84%ed%98%b8,120-180,돌려주다,1,apply
7,http://ko.wikipedia.org/wiki/%ea%b4%84%ed%98%b8,120-180,되다,1,create
8,http://ko.wikipedia.org/wiki/%ea%b4%84%ed%98%b8,120-180,들다,1,unknown
9,http://ko.wikipedia.org/wiki/%ea%b4%84%ed%98%b8,120-180,들어가다,1,apply
10,http://ko.wikipedia.org/wiki/%ea%b4%84%ed%98%b8,120-180,배우다,1,understand
11,http://ko.wikipedia.org/wiki/%ea%b4%84%ed%98%b8,120-180,보다,2,understand
12,http://ko.wikipedia.org/wiki/%ea%b4%84%ed%98%b8,120-180,부르다,1,unknown
13,http://ko.wikipedia.org/wiki/%ea%b4%84%ed%98%b8,120-180,불다,1,unknown
14,http://ko.wikipedia.org/wiki/%ea%b4%84%ed%98%b8,120-180,서다,1,understand
15,http://ko.wikipedia.org/wiki/%ea%b4%84%ed%98%b8,120-180,알다,1,understand
16,http://ko.wikipedia.org/wiki/%ea%b4%84%ed%98%b8,120-180,오다,2,unknown
17,http://ko.wikipedia.org/wiki/%ea%b4%84%ed%98%b8,120-180,이르다,1,unknown
18,http://ko.wikipedia.org/wiki/%ea%b4%84%ed%98%b8,120-180,주다,1,evaluate
19,http://ko.wikipedia.org/wiki/%ea%b4%84%ed%98%b8,120-180,주어지다,1,understand
20,http://ko.wikipedia.org/wiki/%ea%b4%84%ed%98%b8,120-180,크다,3,evaluate
21,http://ko.wikipedia.org/wiki/%ea%b4%84%ed%98%b8,120-180,하다,10,apply
22,http://ko.wikipedia.org/wiki/%ea%b4%84%ed%98%b8,120-180,해보다,1,apply
23,http://ko.wikipedia.org/wiki/%ea%b4%84%ed%98%b8,240-300,끝나다,1,evaluate
24,http://ko.wikipedia.org/wiki/%ea%b4%84%ed%98%b8,240-300,나타내다,1,apply
25,http://ko.wikipedia.org/wiki/%ea%b4%84%ed%98%b8,240-300,늘다,1,evaluate
26,http://ko.wikipedia.org/wiki/%ea%b4%84%ed%98%b8,240-300,다루다,1,apply
27,http://ko.wikipedia.org/wiki/%ea%b4%84%ed%98%b8,240-300,되다,1,create
28,http://ko.wikipedia.org/wiki/%ea%b4%84%ed%98%b8,240-300,배우다,1,understand
29,http://ko.wikipedia.org/wiki/%ea%b4%84%ed%98%b8,240-300,불다,1,unknown
30,http://ko.wikipedia.org/wiki/%ea%b4%84%ed%98%b8,240-300,쓸다,1,unknown
31,http://ko.wikipedia.org/wiki/%ea%b4%84%ed%98%b8,240-300,오다,1,unknown
32,http://ko.wikipedia.org/wiki/%ea%b4%84%ed%98%b8,240-300,주어지다,1,understand
33,http://ko.wikipedia.org/wiki/%ea%b4%84%ed%98%b8,240-300,줍다,1,apply
34,http://ko.wikipedia.org/wiki/%ea%b4%84%ed%98%b8,240-300,크다,1,evaluate
35,http://ko.wikipedia.org/wiki/%ea%b4%84%ed%98%b8,240-300,하다,12,apply
36,http://ko.wikipedia.org/wiki/%ea%b4%84%ed%98%b8,240-300,해보다,2,apply
37,http://ko.wikipedia.org/wiki/%eb%8a%90%eb%82%8c%ed%91%9c,180-240,가다,2,unknown
38,http://ko.wikipedia.org/wiki/%eb%8a%90%eb%82%8c%ed%91%9c,180-240,끝나다,1,evaluate
39,http://ko.wikipedia.org/wiki/%eb%8a%90%eb%82%8c%ed%91%9c,180-240,나오다,2,unknown
40,http://ko.wikipedia.org/wiki/%eb%8a%90%eb%82%8c%ed%91%9c,180-240,누르다,1,apply
41,http://ko.wikipedia.org/wiki/%eb%8a%90%eb%82%8c%ed%91%9c,180-240,되다,5,create
42,http://ko.wikipedia.org/wiki/%eb%8a%90%eb%82%8c%ed%91%9c,180-240,버리다,1,unknown
43,http://ko.wikipedia.org/wiki/%eb%8a%90%eb%82%8c%ed%91%9c,180-240,쓰다,1,apply
44,http://ko.wikipedia.org/wiki/%eb%8a%90%eb%82%8c%ed%91%9c,180-240,오다,2,unknown
45,http://ko.wikipedia.org/wiki/%eb%8a%90%eb%82%8c%ed%91%9c,180-240,이다,1,unknown
46,http://ko.wikipedia.org/wiki/%eb%8a%90%eb%82%8c%ed%91%9c,180-240,자다,1,understand
47,http://ko.wikipedia.org/wiki/%eb%8a%90%eb%82%8c%ed%91%9c,180-240,줄어들다,1,unknown
48,http://ko.wikipedia.org/wiki/%eb%8a%90%eb%82%8c%ed%91%9c,180-240,틀다,1,unknown
49,http://ko.wikipedia.org/wiki/%eb%8a%90%eb%82%8c%ed%91%9c,180-240,하다,7,apply
50,http://ko.wikipedia.org/wiki/%eb%8a%90%eb%82%8c%ed%91%9c,180-240,해보다,1,apply
51,http://ko.wikipedia.org/wiki/%eb%94%b0%ec%98%b4%ed%91%9c,120-180,끝나다,1,evaluate
52,http://ko.wikipedia.org/wiki/%eb%94%b0%ec%98%b4%ed%91%9c,120-180,나다,1,unknown
53,http://ko.wikipedia.org/wiki/%eb%94%b0%ec%98%b4%ed%91%9c,120-180,나타내다,1,apply
54,http://ko.wikipedia.org/wiki/%eb%94%b0%ec%98%b4%ed%91%9c,120-180,넣다,1,apply
55,http://ko.wikipedia.org/wiki/%eb%94%b0%ec%98%b4%ed%91%9c,120-180,늘다,2,evaluate
56,http://ko.wikipedia.org/wiki/%eb%94%b0%ec%98%b4%ed%91%9c,120-180,다루다,1,apply
57,http://ko.wikipedia.org/wiki/%eb%94%b0%ec%98%b4%ed%91%9c,120-180,돌려주다,1,apply
58,http://ko.wikipedia.org/wiki/%eb%94%b0%ec%98%b4%ed%91%9c,120-180,되다,1,create
59,http://ko.wikipedia.org/wiki/%eb%94%b0%ec%98%b4%ed%91%9c,120-180,들다,1,unknown
60,http://ko.wikipedia.org/wiki/%eb%94%b0%ec%98%b4%ed%91%9c,120-180,들어가다,1,apply
61,http://ko.wikipedia.org/wiki/%eb%94%b0%ec%98%b4%ed%91%9c,120-180,배우다,1,understand
62,http://ko.wikipedia.org/wiki/%eb%94%b0%ec%98%b4%ed%91%9c,120-180,보다,2,understand
63,http://ko.wikipedia.org/wiki/%eb%94%b0%ec%98%b4%ed%91%9c,120-180,부르다,1,unknown
64,http://ko.wikipedia.org/wiki/%eb%94%b0%ec%98%b4%ed%91%9c,120-180,불다,1,unknown
65,http://ko.wikipedia.org/wiki/%eb%94%b0%ec%98%b4%ed%91%9c,120-180,서다,1,understand
66,http://ko.wikipedia.org/wiki/%eb%94%b0%ec%98%b4%ed%91%9c,120-180,알다,1,understand
67,http://ko.wikipedia.org/wiki/%eb%94%b0%ec%98%b4%ed%91%9c,120-180,오다,2,unknown
68,http://ko.wikipedia.org/wiki/%eb%94%b0%ec%98%b4%ed%91%9c,120-180,이르다,1,unknown
69,http://ko.wikipedia.org/wiki/%eb%94%b0%ec%98%b4%ed%91%9c,120-180,주다,1,evaluate
70,http://ko.wikipedia.org/wiki/%eb%94%b0%ec%98%b4%ed%91%9c,120-180,주어지다,1,understand
71,http://ko.wikipedia.org/wiki/%eb%94%b0%ec%98%b4%ed%91%9c,120-180,크다,3,evaluate
72,http://ko.wikipedia.org/wiki/%eb%94%b0%ec%98%b4%ed%91%9c,120-180,하다,10,apply
73,http://ko.wikipedia.org/wiki/%eb%94%b0%ec%98%b4%ed%91%9c,120-180,해보다,1,apply
74,http://ko.wikipedia.org/wiki/%eb%94%b0%ec%98%b4%ed%91%9c,180-240,가다,2,unknown
75,http://ko.wikipedia.org/wiki/%eb%94%b0%ec%98%b4%ed%91%9c,180-240,끝나다,1,evaluate
76,http://ko.wikipedia.org/wiki/%eb%94%b0%ec%98%b4%ed%91%9c,180-240,나오다,2,unknown
77,http://ko.wikipedia.org/wiki/%eb%94%b0%ec%98%b4%ed%91%9c,180-240,누르다,1,apply
78,http://ko.wikipedia.org/wiki/%eb%94%b0%ec%98%b4%ed%91%9c,180-240,되다,5,create
79,http://ko.wikipedia.org/wiki/%eb%94%b0%ec%98%b4%ed%91%9c,180-240,버리다,1,unknown
80,http://ko.wikipedia.org/wiki/%eb%94%b0%ec%98%b4%ed%91%9c,180-240,쓰다,1,apply
81,http://ko.wikipedia.org/wiki/%eb%94%b0%ec%98%b4%ed%91%9c,180-240,오다,2,unknown
82,http://ko.wikipedia.org/wiki/%eb%94%b0%ec%98%b4%ed%91%9c,180-240,이다,1,unknown
83,http://ko.wikipedia.org/wiki/%eb%94%b0%ec%98%b4%ed%91%9c,180-240,자다,1,understand
84,http://ko.wikipedia.org/wiki/%eb%94%b0%ec%98%b4%ed%91%9c,180-240,줄어들다,1,unknown
85,http://ko.wikipedia.org/wiki/%eb%94%b0%ec%98%b4%ed%91%9c,180-240,틀다,1,unknown
86,http://ko.wikipedia.org/wiki/%eb%94%b0%ec%98%b4%ed%91%9c,180-240,하다,7,apply
87,http://ko.wikipedia.org/wiki/%eb%94%b0%ec%98%b4%ed%91%9c,180-240,해보다,1,apply
88,http://ko.wikipedia.org/wiki/%eb%94%b0%ec%98%b4%ed%91%9c,240-300,끝나다,1,evaluate
89,http://ko.wikipedia.org/wiki/%eb%94%b0%ec%98%b4%ed%91%9c,240-300,나타내다,1,apply
90,http://ko.wikipedia.org/wiki/%eb%94%b0%ec%98%b4%ed%91%9c,240-300,늘다,1,evaluate
91,http://ko.wikipedia.org/wiki/%eb%94%b0%ec%98%b4%ed%91%9c,240-300,다루다,1,apply
92,http://ko.wikipedia.org/wiki/%eb%94%b0%ec%98%b4%ed%91%9c,240-300,되다,1,create
93,http://ko.wikipedia.org/wiki/%eb%94%b0%ec%98%b4%ed%91%9c,240-300,배우다,1,understand
94,http://ko.wikipedia.org/wiki/%eb%94%b0%ec%98%b4%ed%91%9c,240-300,불다,1,unknown
95,http://ko.wikipedia.org/wiki/%eb%94%b0%ec%98%b4%ed%91%9c,240-300,쓸다,1,unknown
96,http://ko.wikipedia.org/wiki/%eb%94%b0%ec%98%b4%ed%91%9c,240-300,오다,1,unknown
97,http://ko.wikipedia.org/wiki/%eb%94%b0%ec%98%b4%ed%91%9c,240-300,주어지다,1,understand
98,http://ko.wikipedia.org/wiki/%eb%94%b0%ec%98%b4%ed%91%9c,240-300,줍다,1,apply
99,http://ko.wikipedia.org/wiki/%eb%94%b0%ec%98%b4%ed%91%9c,240-300,크다,1,evaluate
100,http://ko.wikipedia.org/wiki/%eb%94%b0%ec%98%b4%ed%91%9c,240-300,하다,12,apply
101,http://ko.wikipedia.org/wiki/%eb%94%b0%ec%98%b4%ed%91%9c,240-300,해보다,2,apply
102,http://ko.wikipedia.org/wiki/%eb%aa%85%eb%a0%b9%ec%96%b4_(%ec%bb%b4%ed%93%a8%ed%8c%85),60-120,늘다,1,evaluate
103,http://ko.wikipedia.org/wiki/%eb%aa%85%eb%a0%b9%ec%96%b4_(%ec%bb%b4%ed%93%a8%ed%8c%85),60-120,되다,9,create
104,http://ko.wikipedia.org/wiki/%eb%aa%85%eb%a0%b9%ec%96%b4_(%ec%bb%b4%ed%93%a8%ed%8c%85),60-120,되어다,1,unknown
105,http://ko.wikipedia.org/wiki/%eb%aa%85%eb%a0%b9%ec%96%b4_(%ec%bb%b4%ed%93%a8%ed%8c%85),60-120,받다,1,evaluate
106,http://ko.wikipedia.org/wiki/%eb%aa%85%eb%a0%b9%ec%96%b4_(%ec%bb%b4%ed%93%a8%ed%8c%85),60-120,보다,2,understand
107,http://ko.wikipedia.org/wiki/%eb%aa%85%eb%a0%b9%ec%96%b4_(%ec%bb%b4%ed%93%a8%ed%8c%85),60-120,쓰이다,1,evaluate
108,http://ko.wikipedia.org/wiki/%eb%aa%85%eb%a0%b9%ec%96%b4_(%ec%bb%b4%ed%93%a8%ed%8c%85),60-120,쓴다,1,apply
109,http://ko.wikipedia.org/wiki/%eb%aa%85%eb%a0%b9%ec%96%b4_(%ec%bb%b4%ed%93%a8%ed%8c%85),60-120,읽다,1,apply
110,http://ko.wikipedia.org/wiki/%eb%aa%85%eb%a0%b9%ec%96%b4_(%ec%bb%b4%ed%93%a8%ed%8c%85),60-120,하다,10,apply
111,http://ko.wikipedia.org/wiki/%eb%ac%b8%ec%9e%90,120-180,끝나다,1,evaluate
112,http://ko.wikipedia.org/wiki/%eb%ac%b8%ec%9e%90,120-180,나다,1,unknown
113,http://ko.wikipedia.org/wiki/%eb%ac%b8%ec%9e%90,120-180,나타내다,1,apply
114,http://ko.wikipedia.org/wiki/%eb%ac%b8%ec%9e%90,120-180,넣다,1,apply
115,http://ko.wikipedia.org/wiki/%eb%ac%b8%ec%9e%90,120-180,늘다,2,evaluate
116,http://ko.wikipedia.org/wiki/%eb%ac%b8%ec%9e%90,120-180,다루다,1,apply
117,http://ko.wikipedia.org/wiki/%eb%ac%b8%ec%9e%90,120-180,돌려주다,1,apply
118,http://ko.wikipedia.org/wiki/%eb%ac%b8%ec%9e%90,120-180,되다,1,create
119,http://ko.wikipedia.org/wiki/%eb%ac%b8%ec%9e%90,120-180,들다,1,unknown
120,http://ko.wikipedia.org/wiki/%eb%ac%b8%ec%9e%90,120-180,들어가다,1,apply
121,http://ko.wikipedia.org/wiki/%eb%ac%b8%ec%9e%90,120-180,배우다,1,understand
122,http://ko.wikipedia.org/wiki/%eb%ac%b8%ec%9e%90,120-180,보다,2,understand
123,http://ko.wikipedia.org/wiki/%eb%ac%b8%ec%9e%90,120-180,부르다,1,unknown
124,http://ko.wikipedia.org/wiki/%eb%ac%b8%ec%9e%90,120-180,불다,1,unknown
125,http://ko.wikipedia.org/wiki/%eb%ac%b8%ec%9e%90,120-180,서다,1,understand
126,http://ko.wikipedia.org/wiki/%eb%ac%b8%ec%9e%90,120-180,알다,1,understand
127,http://ko.wikipedia.org/wiki/%eb%ac%b8%ec%9e%90,120-180,오다,2,unknown
128,http://ko.wikipedia.org/wiki/%eb%ac%b8%ec%9e%90,120-180,이르다,1,unknown
129,http://ko.wikipedia.org/wiki/%eb%ac%b8%ec%9e%90,120-180,주다,1,evaluate
130,http://ko.wikipedia.org/wiki/%eb%ac%b8%ec%9e%90,120-180,주어지다,1,understand
131,http://ko.wikipedia.org/wiki/%eb%ac%b8%ec%9e%90,120-180,크다,3,evaluate
132,http://ko.wikipedia.org/wiki/%eb%ac%b8%ec%9e%90,120-180,하다,10,apply
133,http://ko.wikipedia.org/wiki/%eb%ac%b8%ec%9e%90,120-180,해보다,1,apply
134,http://ko.wikipedia.org/wiki/%eb%ac%b8%ec%9e%90,180-240,가다,2,unknown
135,http://ko.wikipedia.org/wiki/%eb%ac%b8%ec%9e%90,180-240,끝나다,1,evaluate
136,http://ko.wikipedia.org/wiki/%eb%ac%b8%ec%9e%90,180-240,나오다,2,unknown
137,http://ko.wikipedia.org/wiki/%eb%ac%b8%ec%9e%90,180-240,누르다,1,apply
138,http://ko.wikipedia.org/wiki/%eb%ac%b8%ec%9e%90,180-240,되다,5,create
139,http://ko.wikipedia.org/wiki/%eb%ac%b8%ec%9e%90,180-240,버리다,1,unknown
140,http://ko.wikipedia.org/wiki/%eb%ac%b8%ec%9e%90,180-240,쓰다,1,apply
141,http://ko.wikipedia.org/wiki/%eb%ac%b8%ec%9e%90,180-240,오다,2,unknown
142,http://ko.wikipedia.org/wiki/%eb%ac%b8%ec%9e%90,180-240,이다,1,unknown
143,http://ko.wikipedia.org/wiki/%eb%ac%b8%ec%9e%90,180-240,자다,1,understand
144,http://ko.wikipedia.org/wiki/%eb%ac%b8%ec%9e%90,180-240,줄어들다,1,unknown
145,http://ko.wikipedia.org/wiki/%eb%ac%b8%ec%9e%90,180-240,틀다,1,unknown
146,http://ko.wikipedia.org/wiki/%eb%ac%b8%ec%9e%90,180-240,하다,7,apply
147,http://ko.wikipedia.org/wiki/%eb%ac%b8%ec%9e%90,180-240,해보다,1,apply
148,http://ko.wikipedia.org/wiki/%eb%ac%b8%ec%9e%90%ec%97%b4,120-180,끝나다,1,evaluate
149,http://ko.wikipedia.org/wiki/%eb%ac%b8%ec%9e%90%ec%97%b4,120-180,나다,1,unknown
150,http://ko.wikipedia.org/wiki/%eb%ac%b8%ec%9e%90%ec%97%b4,120-180,나타내다,1,apply
151,http://ko.wikipedia.org/wiki/%eb%ac%b8%ec%9e%90%ec%97%b4,120-180,넣다,1,apply
152,http://ko.wikipedia.org/wiki/%eb%ac%b8%ec%9e%90%ec%97%b4,120-180,늘다,2,evaluate
153,http://ko.wikipedia.org/wiki/%eb%ac%b8%ec%9e%90%ec%97%b4,120-180,다루다,1,apply
154,http://ko.wikipedia.org/wiki/%eb%ac%b8%ec%9e%90%ec%97%b4,120-180,돌려주다,1,apply
155,http://ko.wikipedia.org/wiki/%eb%ac%b8%ec%9e%90%ec%97%b4,120-180,되다,1,create
156,http://ko.wikipedia.org/wiki/%eb%ac%b8%ec%9e%90%ec%97%b4,120-180,들다,1,unknown
157,http://ko.wikipedia.org/wiki/%eb%ac%b8%ec%9e%90%ec%97%b4,120-180,들어가다,1,apply
158,http://ko.wikipedia.org/wiki/%eb%ac%b8%ec%9e%90%ec%97%b4,120-180,배우다,1,understand
159,http://ko.wikipedia.org/wiki/%eb%ac%b8%ec%9e%90%ec%97%b4,120-180,보다,2,understand
160,http://ko.wikipedia.org/wiki/%eb%ac%b8%ec%9e%90%ec%97%b4,120-180,부르다,1,unknown
161,http://ko.wikipedia.org/wiki/%eb%ac%b8%ec%9e%90%ec%97%b4,120-180,불다,1,unknown
162,http://ko.wikipedia.org/wiki/%eb%ac%b8%ec%9e%90%ec%97%b4,120-180,서다,1,understand
163,http://ko.wikipedia.org/wiki/%eb%ac%b8%ec%9e%90%ec%97%b4,120-180,알다,1,understand
164,http://ko.wikipedia.org/wiki/%eb%ac%b8%ec%9e%90%ec%97%b4,120-180,오다,2,unknown
165,http://ko.wikipedia.org/wiki/%eb%ac%b8%ec%9e%90%ec%97%b4,120-180,이르다,1,unknown
166,http://ko.wikipedia.org/wiki/%eb%ac%b8%ec%9e%90%ec%97%b4,120-180,주다,1,evaluate
167,http://ko.wikipedia.org/wiki/%eb%ac%b8%ec%9e%90%ec%97%b4,120-180,주어지다,1,understand
168,http://ko.wikipedia.org/wiki/%eb%ac%b8%ec%9e%90%ec%97%b4,120-180,크다,3,evaluate
169,http://ko.wikipedia.org/wiki/%eb%ac%b8%ec%9e%90%ec%97%b4,120-180,하다,10,apply
170,http://ko.wikipedia.org/wiki/%eb%ac%b8%ec%9e%90%ec%97%b4,120-180,해보다,1,apply
171,http://ko.wikipedia.org/wiki/%eb%ac%b8%ec%9e%90%ec%97%b4,180-240,가다,2,unknown
172,http://ko.wikipedia.org/wiki/%eb%ac%b8%ec%9e%90%ec%97%b4,180-240,끝나다,1,evaluate
173,http://ko.wikipedia.org/wiki/%eb%ac%b8%ec%9e%90%ec%97%b4,180-240,나오다,2,unknown
174,http://ko.wikipedia.org/wiki/%eb%ac%b8%ec%9e%90%ec%97%b4,180-240,누르다,1,apply
175,http://ko.wikipedia.org/wiki/%eb%ac%b8%ec%9e%90%ec%97%b4,180-240,되다,5,create
176,http://ko.wikipedia.org/wiki/%eb%ac%b8%ec%9e%90%ec%97%b4,180-240,버리다,1,unknown
177,http://ko.wikipedia.org/wiki/%eb%ac%b8%ec%9e%90%ec%97%b4,180-240,쓰다,1,apply
178,http://ko.wikipedia.org/wiki/%eb%ac%b8%ec%9e%90%ec%97%b4,180-240,오다,2,unknown
179,http://ko.wikipedia.org/wiki/%eb%ac%b8%ec%9e%90%ec%97%b4,180-240,이다,1,unknown
180,http://ko.wikipedia.org/wiki/%eb%ac%b8%ec%9e%90%ec%97%b4,180-240,자다,1,understand
181,http://ko.wikipedia.org/wiki/%eb%ac%b8%ec%9e%90%ec%97%b4,180-240,줄어들다,1,unknown
182,http://ko.wikipedia.org/wiki/%eb%ac%b8%ec%9e%90%ec%97%b4,180-240,틀다,1,unknown
183,http://ko.wikipedia.org/wiki/%eb%ac%b8%ec%9e%90%ec%97%b4,180-240,하다,7,apply
184,http://ko.wikipedia.org/wiki/%eb%ac%b8%ec%9e%90%ec%97%b4,180-240,해보다,1,apply
185,http://ko.wikipedia.org/wiki/%ec%86%8c%ec%8a%a4_%ec%bd%94%eb%93%9c,60-120,늘다,1,evaluate
186,http://ko.wikipedia.org/wiki/%ec%86%8c%ec%8a%a4_%ec%bd%94%eb%93%9c,60-120,되다,9,create
187,http://ko.wikipedia.org/wiki/%ec%86%8c%ec%8a%a4_%ec%bd%94%eb%93%9c,60-120,되어다,1,unknown
188,http://ko.wikipedia.org/wiki/%ec%86%8c%ec%8a%a4_%ec%bd%94%eb%93%9c,60-120,받다,1,evaluate
189,http://ko.wikipedia.org/wiki/%ec%86%8c%ec%8a%a4_%ec%bd%94%eb%93%9c,60-120,보다,2,understand
190,http://ko.wikipedia.org/wiki/%ec%86%8c%ec%8a%a4_%ec%bd%94%eb%93%9c,60-120,쓰이다,1,evaluate
191,http://ko.wikipedia.org/wiki/%ec%86%8c%ec%8a%a4_%ec%bd%94%eb%93%9c,60-120,쓴다,1,apply
192,http://ko.wikipedia.org/wiki/%ec%86%8c%ec%8a%a4_%ec%bd%94%eb%93%9c,60-120,읽다,1,apply
193,http://ko.wikipedia.org/wiki/%ec%86%8c%ec%8a%a4_%ec%bd%94%eb%93%9c,60-120,하다,10,apply
194,http://ko.wikipedia.org/wiki/%ec%89%bc%ed%91%9c_(%eb%ac%b8%ec%9e%a5_%eb%b6%80%ed%98%b8),120-180,끝나다,1,evaluate
195,http://ko.wikipedia.org/wiki/%ec%89%bc%ed%91%9c_(%eb%ac%b8%ec%9e%a5_%eb%b6%80%ed%98%b8),120-180,나다,1,unknown
196,http://ko.wikipedia.org/wiki/%ec%89%bc%ed%91%9c_(%eb%ac%b8%ec%9e%a5_%eb%b6%80%ed%98%b8),120-180,나타내다,1,apply
197,http://ko.wikipedia.org/wiki/%ec%89%bc%ed%91%9c_(%eb%ac%b8%ec%9e%a5_%eb%b6%80%ed%98%b8),120-180,넣다,1,apply
198,http://ko.wikipedia.org/wiki/%ec%89%bc%ed%91%9c_(%eb%ac%b8%ec%9e%a5_%eb%b6%80%ed%98%b8),120-180,늘다,2,evaluate
199,http://ko.wikipedia.org/wiki/%ec%89%bc%ed%91%9c_(%eb%ac%b8%ec%9e%a5_%eb%b6%80%ed%98%b8),120-180,다루다,1,apply
200,http://ko.wikipedia.org/wiki/%ec%89%bc%ed%91%9c_(%eb%ac%b8%ec%9e%a5_%eb%b6%80%ed%98%b8),120-180,돌려주다,1,apply
201,http://ko.wikipedia.org/wiki/%ec%89%bc%ed%91%9c_(%eb%ac%b8%ec%9e%a5_%eb%b6%80%ed%98%b8),120-180,되다,1,create
202,http://ko.wikipedia.org/wiki/%ec%89%bc%ed%91%9c_(%eb%ac%b8%ec%9e%a5_%eb%b6%80%ed%98%b8),120-180,들다,1,unknown
203,http://ko.wikipedia.org/wiki/%ec%89%bc%ed%91%9c_(%eb%ac%b8%ec%9e%a5_%eb%b6%80%ed%98%b8),120-180,들어가다,1,apply
204,http://ko.wikipedia.org/wiki/%ec%89%bc%ed%91%9c_(%eb%ac%b8%ec%9e%a5_%eb%b6%80%ed%98%b8),120-180,배우다,1,understand
205,http://ko.wikipedia.org/wiki/%ec%89%bc%ed%91%9c_(%eb%ac%b8%ec%9e%a5_%eb%b6%80%ed%98%b8),120-180,보다,2,understand
206,http://ko.wikipedia.org/wiki/%ec%89%bc%ed%91%9c_(%eb%ac%b8%ec%9e%a5_%eb%b6%80%ed%98%b8),120-180,부르다,1,unknown
207,http://ko.wikipedia.org/wiki/%ec%89%bc%ed%91%9c_(%eb%ac%b8%ec%9e%a5_%eb%b6%80%ed%98%b8),120-180,불다,1,unknown
208,http://ko.wikipedia.org/wiki/%ec%89%bc%ed%91%9c_(%eb%ac%b8%ec%9e%a5_%eb%b6%80%ed%98%b8),120-180,서다,1,understand
209,http://ko.wikipedia.org/wiki/%ec%89%bc%ed%91%9c_(%eb%ac%b8%ec%9e%a5_%eb%b6%80%ed%98%b8),120-180,알다,1,understand
210,http://ko.wikipedia.org/wiki/%ec%89%bc%ed%91%9c_(%eb%ac%b8%ec%9e%a5_%eb%b6%80%ed%98%b8),120-180,오다,2,unknown
211,http://ko.wikipedia.org/wiki/%ec%89%bc%ed%91%9c_(%eb%ac%b8%ec%9e%a5_%eb%b6%80%ed%98%b8),120-180,이르다,1,unknown
212,http://ko.wikipedia.org/wiki/%ec%89%bc%ed%91%9c_(%eb%ac%b8%ec%9e%a5_%eb%b6%80%ed%98%b8),120-180,주다,1,evaluate
213,http://ko.wikipedia.org/wiki/%ec%89%bc%ed%91%9c_(%eb%ac%b8%ec%9e%a5_%eb%b6%80%ed%98%b8),120-180,주어지다,1,understand
214,http://ko.wikipedia.org/wiki/%ec%89%bc%ed%91%9c_(%eb%ac%b8%ec%9e%a5_%eb%b6%80%ed%98%b8),120-180,크다,3,evaluate
215,http://ko.wikipedia.org/wiki/%ec%89%bc%ed%91%9c_(%eb%ac%b8%ec%9e%a5_%eb%b6%80%ed%98%b8),120-180,하다,10,apply
216,http://ko.wikipedia.org/wiki/%ec%89%bc%ed%91%9c_(%eb%ac%b8%ec%9e%a5_%eb%b6%80%ed%98%b8),120-180,해보다,1,apply
217,http://ko.wikipedia.org/wiki/%ec%96%b8%ec%96%b4,60-120,늘다,1,evaluate
218,http://ko.wikipedia.org/wiki/%ec%96%b8%ec%96%b4,60-120,되다,9,create
219,http://ko.wikipedia.org/wiki/%ec%96%b8%ec%96%b4,60-120,되어다,1,unknown
220,http://ko.wikipedia.org/wiki/%ec%96%b8%ec%96%b4,60-120,받다,1,evaluate
221,http://ko.wikipedia.org/wiki/%ec%96%b8%ec%96%b4,60-120,보다,2,understand
222,http://ko.wikipedia.org/wiki/%ec%96%b8%ec%96%b4,60-120,쓰이다,1,evaluate
223,http://ko.wikipedia.org/wiki/%ec%96%b8%ec%96%b4,60-120,쓴다,1,apply
224,http://ko.wikipedia.org/wiki/%ec%96%b8%ec%96%b4,60-120,읽다,1,apply
225,http://ko.wikipedia.org/wiki/%ec%96%b8%ec%96%b4,60-120,하다,10,apply
226,http://ko.wikipedia.org/wiki/%ec%97%ad%ec%8a%ac%eb%9e%98%ec%8b%9c,120-180,끝나다,1,evaluate
227,http://ko.wikipedia.org/wiki/%ec%97%ad%ec%8a%ac%eb%9e%98%ec%8b%9c,120-180,나다,1,unknown
228,http://ko.wikipedia.org/wiki/%ec%97%ad%ec%8a%ac%eb%9e%98%ec%8b%9c,120-180,나타내다,1,apply
229,http://ko.wikipedia.org/wiki/%ec%97%ad%ec%8a%ac%eb%9e%98%ec%8b%9c,120-180,넣다,1,apply
230,http://ko.wikipedia.org/wiki/%ec%97%ad%ec%8a%ac%eb%9e%98%ec%8b%9c,120-180,늘다,2,evaluate
231,http://ko.wikipedia.org/wiki/%ec%97%ad%ec%8a%ac%eb%9e%98%ec%8b%9c,120-180,다루다,1,apply
232,http://ko.wikipedia.org/wiki/%ec%97%ad%ec%8a%ac%eb%9e%98%ec%8b%9c,120-180,돌려주다,1,apply
233,http://ko.wikipedia.org/wiki/%ec%97%ad%ec%8a%ac%eb%9e%98%ec%8b%9c,120-180,되다,1,create
234,http://ko.wikipedia.org/wiki/%ec%97%ad%ec%8a%ac%eb%9e%98%ec%8b%9c,120-180,들다,1,unknown
235,http://ko.wikipedia.org/wiki/%ec%97%ad%ec%8a%ac%eb%9e%98%ec%8b%9c,120-180,들어가다,1,apply
236,http://ko.wikipedia.org/wiki/%ec%97%ad%ec%8a%ac%eb%9e%98%ec%8b%9c,120-180,배우다,1,understand
237,http://ko.wikipedia.org/wiki/%ec%97%ad%ec%8a%ac%eb%9e%98%ec%8b%9c,120-180,보다,2,understand
238,http://ko.wikipedia.org/wiki/%ec%97%ad%ec%8a%ac%eb%9e%98%ec%8b%9c,120-180,부르다,1,unknown
239,http://ko.wikipedia.org/wiki/%ec%97%ad%ec%8a%ac%eb%9e%98%ec%8b%9c,120-180,불다,1,unknown
240,http://ko.wikipedia.org/wiki/%ec%97%ad%ec%8a%ac%eb%9e%98%ec%8b%9c,120-180,서다,1,understand
241,http://ko.wikipedia.org/wiki/%ec%97%ad%ec%8a%ac%eb%9e%98%ec%8b%9c,120-180,알다,1,understand
242,http://ko.wikipedia.org/wiki/%ec%97%ad%ec%8a%ac%eb%9e%98%ec%8b%9c,120-180,오다,2,unknown
243,http://ko.wikipedia.org/wiki/%ec%97%ad%ec%8a%ac%eb%9e%98%ec%8b%9c,120-180,이르다,1,unknown
244,http://ko.wikipedia.org/wiki/%ec%97%ad%ec%8a%ac%eb%9e%98%ec%8b%9c,120-180,주다,1,evaluate
245,http://ko.wikipedia.org/wiki/%ec%97%ad%ec%8a%ac%eb%9e%98%ec%8b%9c,120-180,주어지다,1,understand
246,http://ko.wikipedia.org/wiki/%ec%97%ad%ec%8a%ac%eb%9e%98%ec%8b%9c,120-180,크다,3,evaluate
247,http://ko.wikipedia.org/wiki/%ec%97%ad%ec%8a%ac%eb%9e%98%ec%8b%9c,120-180,하다,10,apply
248,http://ko.wikipedia.org/wiki/%ec%97%ad%ec%8a%ac%eb%9e%98%ec%8b%9c,120-180,해보다,1,apply
249,http://ko.wikipedia.org/wiki/%ec%97%ad%ec%8a%ac%eb%9e%98%ec%8b%9c,180-240,가다,2,unknown
250,http://ko.wikipedia.org/wiki/%ec%97%ad%ec%8a%ac%eb%9e%98%ec%8b%9c,180-240,끝나다,1,evaluate
251,http://ko.wikipedia.org/wiki/%ec%97%ad%ec%8a%ac%eb%9e%98%ec%8b%9c,180-240,나오다,2,unknown
252,http://ko.wikipedia.org/wiki/%ec%97%ad%ec%8a%ac%eb%9e%98%ec%8b%9c,180-240,누르다,1,apply
253,http://ko.wikipedia.org/wiki/%ec%97%ad%ec%8a%ac%eb%9e%98%ec%8b%9c,180-240,되다,5,create
254,http://ko.wikipedia.org/wiki/%ec%97%ad%ec%8a%ac%eb%9e%98%ec%8b%9c,180-240,버리다,1,unknown
255,http://ko.wikipedia.org/wiki/%ec%97%ad%ec%8a%ac%eb%9e%98%ec%8b%9c,180-240,쓰다,1,apply
256,http://ko.wikipedia.org/wiki/%ec%97%ad%ec%8a%ac%eb%9e%98%ec%8b%9c,180-240,오다,2,unknown
257,http://ko.wikipedia.org/wiki/%ec%97%ad%ec%8a%ac%eb%9e%98%ec%8b%9c,180-240,이다,1,unknown
258,http://ko.wikipedia.org/wiki/%ec%97%ad%ec%8a%ac%eb%9e%98%ec%8b%9c,180-240,자다,1,understand
259,http://ko.wikipedia.org/wiki/%ec%97%ad%ec%8a%ac%eb%9e%98%ec%8b%9c,180-240,줄어들다,1,unknown
260,http://ko.wikipedia.org/wiki/%ec%97%ad%ec%8a%ac%eb%9e%98%ec%8b%9c,180-240,틀다,1,unknown
261,http://ko.wikipedia.org/wiki/%ec%97%ad%ec%8a%ac%eb%9e%98%ec%8b%9c,180-240,하다,7,apply
262,http://ko.wikipedia.org/wiki/%ec%97%ad%ec%8a%ac%eb%9e%98%ec%8b%9c,180-240,해보다,1,apply
263,http://ko.wikipedia.org/wiki/%ec%98%81%ec%96%b4,60-120,늘다,1,evaluate
264,http://ko.wikipedia.org/wiki/%ec%98%81%ec%96%b4,60-120,되다,9,create
265,http://ko.wikipedia.org/wiki/%ec%98%81%ec%96%b4,60-120,되어다,1,unknown
266,http://ko.wikipedia.org/wiki/%ec%98%81%ec%96%b4,60-120,받다,1,evaluate
267,http://ko.wikipedia.org/wiki/%ec%98%81%ec%96%b4,60-120,보다,2,understand
268,http://ko.wikipedia.org/wiki/%ec%98%81%ec%96%b4,60-120,쓰이다,1,evaluate
269,http://ko.wikipedia.org/wiki/%ec%98%81%ec%96%b4,60-120,쓴다,1,apply
270,http://ko.wikipedia.org/wiki/%ec%98%81%ec%96%b4,60-120,읽다,1,apply
271,http://ko.wikipedia.org/wiki/%ec%98%81%ec%96%b4,60-120,하다,10,apply
272,http://ko.wikipedia.org/wiki/%ec%9d%b4%eb%9e%80,60-120,늘다,1,evaluate
273,http://ko.wikipedia.org/wiki/%ec%9d%b4%eb%9e%80,60-120,되다,9,create
274,http://ko.wikipedia.org/wiki/%ec%9d%b4%eb%9e%80,60-120,되어다,1,unknown
275,http://ko.wikipedia.org/wiki/%ec%9d%b4%eb%9e%80,60-120,받다,1,evaluate
276,http://ko.wikipedia.org/wiki/%ec%9d%b4%eb%9e%80,60-120,보다,2,understand
277,http://ko.wikipedia.org/wiki/%ec%9d%b4%eb%9e%80,60-120,쓰이다,1,evaluate
278,http://ko.wikipedia.org/wiki/%ec%9d%b4%eb%9e%80,60-120,쓴다,1,apply
279,http://ko.wikipedia.org/wiki/%ec%9d%b4%eb%9e%80,60-120,읽다,1,apply
280,http://ko.wikipedia.org/wiki/%ec%9d%b4%eb%9e%80,60-120,하다,10,apply
281,http://ko.wikipedia.org/wiki/%ec%9e%90%eb%a3%8c,60-120,늘다,1,evaluate
282,http://ko.wikipedia.org/wiki/%ec%9e%90%eb%a3%8c,60-120,되다,9,create
283,http://ko.wikipedia.org/wiki/%ec%9e%90%eb%a3%8c,60-120,되어다,1,unknown
284,http://ko.wikipedia.org/wiki/%ec%9e%90%eb%a3%8c,60-120,받다,1,evaluate
285,http://ko.wikipedia.org/wiki/%ec%9e%90%eb%a3%8c,60-120,보다,2,understand
286,http://ko.wikipedia.org/wiki/%ec%9e%90%eb%a3%8c,60-120,쓰이다,1,evaluate
287,http://ko.wikipedia.org/wiki/%ec%9e%90%eb%a3%8c,60-120,쓴다,1,apply
288,http://ko.wikipedia.org/wiki/%ec%9e%90%eb%a3%8c,60-120,읽다,1,apply
289,http://ko.wikipedia.org/wiki/%ec%9e%90%eb%a3%8c,60-120,하다,10,apply
290,http://ko.wikipedia.org/wiki/%ec%9e%90%eb%b0%94_(%ed%94%84%eb%a1%9c%ea%b7%b8%eb%9e%98%eb%b0%8d_%ec%96%b8%ec%96%b4),120-180,끝나다,1,evaluate
291,http://ko.wikipedia.org/wiki/%ec%9e%90%eb%b0%94_(%ed%94%84%eb%a1%9c%ea%b7%b8%eb%9e%98%eb%b0%8d_%ec%96%b8%ec%96%b4),120-180,나다,1,unknown
292,http://ko.wikipedia.org/wiki/%ec%9e%90%eb%b0%94_(%ed%94%84%eb%a1%9c%ea%b7%b8%eb%9e%98%eb%b0%8d_%ec%96%b8%ec%96%b4),120-180,나타내다,1,apply
293,http://ko.wikipedia.org/wiki/%ec%9e%90%eb%b0%94_(%ed%94%84%eb%a1%9c%ea%b7%b8%eb%9e%98%eb%b0%8d_%ec%96%b8%ec%96%b4),120-180,넣다,1,apply
294,http://ko.wikipedia.org/wiki/%ec%9e%90%eb%b0%94_(%ed%94%84%eb%a1%9c%ea%b7%b8%eb%9e%98%eb%b0%8d_%ec%96%b8%ec%96%b4),120-180,늘다,2,evaluate
295,http://ko.wikipedia.org/wiki/%ec%9e%90%eb%b0%94_(%ed%94%84%eb%a1%9c%ea%b7%b8%eb%9e%98%eb%b0%8d_%ec%96%b8%ec%96%b4),120-180,다루다,1,apply
296,http://ko.wikipedia.org/wiki/%ec%9e%90%eb%b0%94_(%ed%94%84%eb%a1%9c%ea%b7%b8%eb%9e%98%eb%b0%8d_%ec%96%b8%ec%96%b4),120-180,돌려주다,1,apply
297,http://ko.wikipedia.org/wiki/%ec%9e%90%eb%b0%94_(%ed%94%84%eb%a1%9c%ea%b7%b8%eb%9e%98%eb%b0%8d_%ec%96%b8%ec%96%b4),120-180,되다,1,create
298,http://ko.wikipedia.org/wiki/%ec%9e%90%eb%b0%94_(%ed%94%84%eb%a1%9c%ea%b7%b8%eb%9e%98%eb%b0%8d_%ec%96%b8%ec%96%b4),120-180,들다,1,unknown
299,http://ko.wikipedia.org/wiki/%ec%9e%90%eb%b0%94_(%ed%94%84%eb%a1%9c%ea%b7%b8%eb%9e%98%eb%b0%8d_%ec%96%b8%ec%96%b4),120-180,들어가다,1,apply
300,http://ko.wikipedia.org/wiki/%ec%9e%90%eb%b0%94_(%ed%94%84%eb%a1%9c%ea%b7%b8%eb%9e%98%eb%b0%8d_%ec%96%b8%ec%96%b4),120-180,배우다,1,understand
301,http://ko.wikipedia.org/wiki/%ec%9e%90%eb%b0%94_(%ed%94%84%eb%a1%9c%ea%b7%b8%eb%9e%98%eb%b0%8d_%ec%96%b8%ec%96%b4),120-180,보다,2,understand
302,http://ko.wikipedia.org/wiki/%ec%9e%90%eb%b0%94_(%ed%94%84%eb%a1%9c%ea%b7%b8%eb%9e%98%eb%b0%8d_%ec%96%b8%ec%96%b4),120-180,부르다,1,unknown
303,http://ko.wikipedia.org/wiki/%ec%9e%90%eb%b0%94_(%ed%94%84%eb%a1%9c%ea%b7%b8%eb%9e%98%eb%b0%8d_%ec%96%b8%ec%96%b4),120-180,불다,1,unknown
304,http://ko.wikipedia.org/wiki/%ec%9e%90%eb%b0%94_(%ed%94%84%eb%a1%9c%ea%b7%b8%eb%9e%98%eb%b0%8d_%ec%96%b8%ec%96%b4),120-180,서다,1,understand
305,http://ko.wikipedia.org/wiki/%ec%9e%90%eb%b0%94_(%ed%94%84%eb%a1%9c%ea%b7%b8%eb%9e%98%eb%b0%8d_%ec%96%b8%ec%96%b4),120-180,알다,1,understand
306,http://ko.wikipedia.org/wiki/%ec%9e%90%eb%b0%94_(%ed%94%84%eb%a1%9c%ea%b7%b8%eb%9e%98%eb%b0%8d_%ec%96%b8%ec%96%b4),120-180,오다,2,unknown
307,http://ko.wikipedia.org/wiki/%ec%9e%90%eb%b0%94_(%ed%94%84%eb%a1%9c%ea%b7%b8%eb%9e%98%eb%b0%8d_%ec%96%b8%ec%96%b4),120-180,이르다,1,unknown
308,http://ko.wikipedia.org/wiki/%ec%9e%90%eb%b0%94_(%ed%94%84%eb%a1%9c%ea%b7%b8%eb%9e%98%eb%b0%8d_%ec%96%b8%ec%96%b4),120-180,주다,1,evaluate
309,http://ko.wikipedia.org/wiki/%ec%9e%90%eb%b0%94_(%ed%94%84%eb%a1%9c%ea%b7%b8%eb%9e%98%eb%b0%8d_%ec%96%b8%ec%96%b4),120-180,주어지다,1,understand
310,http://ko.wikipedia.org/wiki/%ec%9e%90%eb%b0%94_(%ed%94%84%eb%a1%9c%ea%b7%b8%eb%9e%98%eb%b0%8d_%ec%96%b8%ec%96%b4),120-180,크다,3,evaluate
311,http://ko.wikipedia.org/wiki/%ec%9e%90%eb%b0%94_(%ed%94%84%eb%a1%9c%ea%b7%b8%eb%9e%98%eb%b0%8d_%ec%96%b8%ec%96%b4),120-180,하다,10,apply
312,http://ko.wikipedia.org/wiki/%ec%9e%90%eb%b0%94_(%ed%94%84%eb%a1%9c%ea%b7%b8%eb%9e%98%eb%b0%8d_%ec%96%b8%ec%96%b4),120-180,해보다,1,apply
313,http://ko.wikipedia.org/wiki/%ec%a0%95%ec%88%98%ed%98%95,60-120,늘다,1,evaluate
314,http://ko.wikipedia.org/wiki/%ec%a0%95%ec%88%98%ed%98%95,60-120,되다,9,create
315,http://ko.wikipedia.org/wiki/%ec%a0%95%ec%88%98%ed%98%95,60-120,되어다,1,unknown
316,http://ko.wikipedia.org/wiki/%ec%a0%95%ec%88%98%ed%98%95,60-120,받다,1,evaluate
317,http://ko.wikipedia.org/wiki/%ec%a0%95%ec%88%98%ed%98%95,60-120,보다,2,understand
318,http://ko.wikipedia.org/wiki/%ec%a0%95%ec%88%98%ed%98%95,60-120,쓰이다,1,evaluate
319,http://ko.wikipedia.org/wiki/%ec%a0%95%ec%88%98%ed%98%95,60-120,쓴다,1,apply
320,http://ko.wikipedia.org/wiki/%ec%a0%95%ec%88%98%ed%98%95,60-120,읽다,1,apply
321,http://ko.wikipedia.org/wiki/%ec%a0%95%ec%88%98%ed%98%95,60-120,하다,10,apply
322,http://ko.wikipedia.org/wiki/%ec%bb%b4%ed%93%a8%ed%84%b0_%ec%9e%90%ed%8c%90,180-240,가다,2,unknown
323,http://ko.wikipedia.org/wiki/%ec%bb%b4%ed%93%a8%ed%84%b0_%ec%9e%90%ed%8c%90,180-240,끝나다,1,evaluate
324,http://ko.wikipedia.org/wiki/%ec%bb%b4%ed%93%a8%ed%84%b0_%ec%9e%90%ed%8c%90,180-240,나오다,2,unknown
325,http://ko.wikipedia.org/wiki/%ec%bb%b4%ed%93%a8%ed%84%b0_%ec%9e%90%ed%8c%90,180-240,누르다,1,apply
326,http://ko.wikipedia.org/wiki/%ec%bb%b4%ed%93%a8%ed%84%b0_%ec%9e%90%ed%8c%90,180-240,되다,5,create
327,http://ko.wikipedia.org/wiki/%ec%bb%b4%ed%93%a8%ed%84%b0_%ec%9e%90%ed%8c%90,180-240,버리다,1,unknown
328,http://ko.wikipedia.org/wiki/%ec%bb%b4%ed%93%a8%ed%84%b0_%ec%9e%90%ed%8c%90,180-240,쓰다,1,apply
329,http://ko.wikipedia.org/wiki/%ec%bb%b4%ed%93%a8%ed%84%b0_%ec%9e%90%ed%8c%90,180-240,오다,2,unknown
330,http://ko.wikipedia.org/wiki/%ec%bb%b4%ed%93%a8%ed%84%b0_%ec%9e%90%ed%8c%90,180-240,이다,1,unknown
331,http://ko.wikipedia.org/wiki/%ec%bb%b4%ed%93%a8%ed%84%b0_%ec%9e%90%ed%8c%90,180-240,자다,1,understand
332,http://ko.wikipedia.org/wiki/%ec%bb%b4%ed%93%a8%ed%84%b0_%ec%9e%90%ed%8c%90,180-240,줄어들다,1,unknown
333,http://ko.wikipedia.org/wiki/%ec%bb%b4%ed%93%a8%ed%84%b0_%ec%9e%90%ed%8c%90,180-240,틀다,1,unknown
334,http://ko.wikipedia.org/wiki/%ec%bb%b4%ed%93%a8%ed%84%b0_%ec%9e%90%ed%8c%90,180-240,하다,7,apply
335,http://ko.wikipedia.org/wiki/%ec%bb%b4%ed%93%a8%ed%84%b0_%ec%9e%90%ed%8c%90,180-240,해보다,1,apply
336,http://ko.wikipedia.org/wiki/%ed%8c%8c%ec%9d%b4%ec%8d%ac,120-180,끝나다,1,evaluate
337,http://ko.wikipedia.org/wiki/%ed%8c%8c%ec%9d%b4%ec%8d%ac,120-180,나다,1,unknown
338,http://ko.wikipedia.org/wiki/%ed%8c%8c%ec%9d%b4%ec%8d%ac,120-180,나타내다,1,apply
339,http://ko.wikipedia.org/wiki/%ed%8c%8c%ec%9d%b4%ec%8d%ac,120-180,넣다,1,apply
340,http://ko.wikipedia.org/wiki/%ed%8c%8c%ec%9d%b4%ec%8d%ac,120-180,늘다,2,evaluate
341,http://ko.wikipedia.org/wiki/%ed%8c%8c%ec%9d%b4%ec%8d%ac,120-180,다루다,1,apply
342,http://ko.wikipedia.org/wiki/%ed%8c%8c%ec%9d%b4%ec%8d%ac,120-180,돌려주다,1,apply
343,http://ko.wikipedia.org/wiki/%ed%8c%8c%ec%9d%b4%ec%8d%ac,120-180,되다,1,create
344,http://ko.wikipedia.org/wiki/%ed%8c%8c%ec%9d%b4%ec%8d%ac,120-180,들다,1,unknown
345,http://ko.wikipedia.org/wiki/%ed%8c%8c%ec%9d%b4%ec%8d%ac,120-180,들어가다,1,apply
346,http://ko.wikipedia.org/wiki/%ed%8c%8c%ec%9d%b4%ec%8d%ac,120-180,배우다,1,understand
347,http://ko.wikipedia.org/wiki/%ed%8c%8c%ec%9d%b4%ec%8d%ac,120-180,보다,2,understand
348,http://ko.wikipedia.org/wiki/%ed%8c%8c%ec%9d%b4%ec%8d%ac,120-180,부르다,1,unknown
349,http://ko.wikipedia.org/wiki/%ed%8c%8c%ec%9d%b4%ec%8d%ac,120-180,불다,1,unknown
350,http://ko.wikipedia.org/wiki/%ed%8c%8c%ec%9d%b4%ec%8d%ac,120-180,서다,1,understand
351,http://ko.wikipedia.org/wiki/%ed%8c%8c%ec%9d%b4%ec%8d%ac,120-180,알다,1,understand
352,http://ko.wikipedia.org/wiki/%ed%8c%8c%ec%9d%b4%ec%8d%ac,120-180,오다,2,unknown
353,http://ko.wikipedia.org/wiki/%ed%8c%8c%ec%9d%b4%ec%8d%ac,120-180,이르다,1,unknown
354,http://ko.wikipedia.org/wiki/%ed%8c%8c%ec%9d%b4%ec%8d%ac,120-180,주다,1,evaluate
355,http://ko.wikipedia.org/wiki/%ed%8c%8c%ec%9d%b4%ec%8d%ac,120-180,주어지다,1,understand
356,http://ko.wikipedia.org/wiki/%ed%8c%8c%ec%9d%b4%ec%8d%ac,120-180,크다,3,evaluate
357,http://ko.wikipedia.org/wiki/%ed%8c%8c%ec%9d%b4%ec%8d%ac,120-180,하다,10,apply
358,http://ko.wikipedia.org/wiki/%ed%8c%8c%ec%9d%b4%ec%8d%ac,120-180,해보다,1,apply
359,http://ko.wikipedia.org/wiki/%ed%91%9c%ec%a4%80_%ec%8a%a4%ed%8a%b8%eb%a6%bc,0-60,걸다,1,apply
360,http://ko.wikipedia.org/wiki/%ed%91%9c%ec%a4%80_%ec%8a%a4%ed%8a%b8%eb%a6%bc,0-60,끝나다,1,evaluate
361,http://ko.wikipedia.org/wiki/%ed%91%9c%ec%a4%80_%ec%8a%a4%ed%8a%b8%eb%a6%bc,0-60,늘다,2,evaluate
362,http://ko.wikipedia.org/wiki/%ed%91%9c%ec%a4%80_%ec%8a%a4%ed%8a%b8%eb%a6%bc,0-60,다루다,1,apply
363,http://ko.wikipedia.org/wiki/%ed%91%9c%ec%a4%80_%ec%8a%a4%ed%8a%b8%eb%a6%bc,0-60,되다,4,create
364,http://ko.wikipedia.org/wiki/%ed%91%9c%ec%a4%80_%ec%8a%a4%ed%8a%b8%eb%a6%bc,0-60,따다,1,apply
365,http://ko.wikipedia.org/wiki/%ed%91%9c%ec%a4%80_%ec%8a%a4%ed%8a%b8%eb%a6%bc,0-60,만들다,1,create
366,http://ko.wikipedia.org/wiki/%ed%91%9c%ec%a4%80_%ec%8a%a4%ed%8a%b8%eb%a6%bc,0-60,바라다,1,unknown
367,http://ko.wikipedia.org/wiki/%ed%91%9c%ec%a4%80_%ec%8a%a4%ed%8a%b8%eb%a6%bc,0-60,보다,2,understand
368,http://ko.wikipedia.org/wiki/%ed%91%9c%ec%a4%80_%ec%8a%a4%ed%8a%b8%eb%a6%bc,0-60,불다,2,unknown
369,http://ko.wikipedia.org/wiki/%ed%91%9c%ec%a4%80_%ec%8a%a4%ed%8a%b8%eb%a6%bc,0-60,쓰이다,1,evaluate
370,http://ko.wikipedia.org/wiki/%ed%91%9c%ec%a4%80_%ec%8a%a4%ed%8a%b8%eb%a6%bc,0-60,오다,1,unknown
371,http://ko.wikipedia.org/wiki/%ed%91%9c%ec%a4%80_%ec%8a%a4%ed%8a%b8%eb%a6%bc,0-60,하다,5,apply
372,http://ko.wikipedia.org/wiki/%ed%91%9c%ec%a4%80_%ec%8a%a4%ed%8a%b8%eb%a6%bc,0-60,해보다,1,apply
373,http://ko.wikipedia.org/wiki/%ed%94%84%eb%a1%9c%ea%b7%b8%eb%9e%98%eb%b0%8d_%ec%96%b8%ec%96%b4,120-180,끝나다,1,evaluate
374,http://ko.wikipedia.org/wiki/%ed%94%84%eb%a1%9c%ea%b7%b8%eb%9e%98%eb%b0%8d_%ec%96%b8%ec%96%b4,120-180,나다,1,unknown
375,http://ko.wikipedia.org/wiki/%ed%94%84%eb%a1%9c%ea%b7%b8%eb%9e%98%eb%b0%8d_%ec%96%b8%ec%96%b4,120-180,나타내다,1,apply
376,http://ko.wikipedia.org/wiki/%ed%94%84%eb%a1%9c%ea%b7%b8%eb%9e%98%eb%b0%8d_%ec%96%b8%ec%96%b4,120-180,넣다,1,apply
377,http://ko.wikipedia.org/wiki/%ed%94%84%eb%a1%9c%ea%b7%b8%eb%9e%98%eb%b0%8d_%ec%96%b8%ec%96%b4,120-180,늘다,2,evaluate
378,http://ko.wikipedia.org/wiki/%ed%94%84%eb%a1%9c%ea%b7%b8%eb%9e%98%eb%b0%8d_%ec%96%b8%ec%96%b4,120-180,다루다,1,apply
379,http://ko.wikipedia.org/wiki/%ed%94%84%eb%a1%9c%ea%b7%b8%eb%9e%98%eb%b0%8d_%ec%96%b8%ec%96%b4,120-180,돌려주다,1,apply
380,http://ko.wikipedia.org/wiki/%ed%94%84%eb%a1%9c%ea%b7%b8%eb%9e%98%eb%b0%8d_%ec%96%b8%ec%96%b4,120-180,되다,1,create
381,http://ko.wikipedia.org/wiki/%ed%94%84%eb%a1%9c%ea%b7%b8%eb%9e%98%eb%b0%8d_%ec%96%b8%ec%96%b4,120-180,들다,1,unknown
382,http://ko.wikipedia.org/wiki/%ed%94%84%eb%a1%9c%ea%b7%b8%eb%9e%98%eb%b0%8d_%ec%96%b8%ec%96%b4,120-180,들어가다,1,apply
383,http://ko.wikipedia.org/wiki/%ed%94%84%eb%a1%9c%ea%b7%b8%eb%9e%98%eb%b0%8d_%ec%96%b8%ec%96%b4,120-180,배우다,1,understand
384,http://ko.wikipedia.org/wiki/%ed%94%84%eb%a1%9c%ea%b7%b8%eb%9e%98%eb%b0%8d_%ec%96%b8%ec%96%b4,120-180,보다,2,understand
385,http://ko.wikipedia.org/wiki/%ed%94%84%eb%a1%9c%ea%b7%b8%eb%9e%98%eb%b0%8d_%ec%96%b8%ec%96%b4,120-180,부르다,1,unknown
386,http://ko.wikipedia.org/wiki/%ed%94%84%eb%a1%9c%ea%b7%b8%eb%9e%98%eb%b0%8d_%ec%96%b8%ec%96%b4,120-180,불다,1,unknown
387,http://ko.wikipedia.org/wiki/%ed%94%84%eb%a1%9c%ea%b7%b8%eb%9e%98%eb%b0%8d_%ec%96%b8%ec%96%b4,120-180,서다,1,understand
388,http://ko.wikipedia.org/wiki/%ed%94%84%eb%a1%9c%ea%b7%b8%eb%9e%98%eb%b0%8d_%ec%96%b8%ec%96%b4,120-180,알다,1,understand
389,http://ko.wikipedia.org/wiki/%ed%94%84%eb%a1%9c%ea%b7%b8%eb%9e%98%eb%b0%8d_%ec%96%b8%ec%96%b4,120-180,오다,2,unknown
390,http://ko.wikipedia.org/wiki/%ed%94%84%eb%a1%9c%ea%b7%b8%eb%9e%98%eb%b0%8d_%ec%96%b8%ec%96%b4,120-180,이르다,1,unknown
391,http://ko.wikipedia.org/wiki/%ed%94%84%eb%a1%9c%ea%b7%b8%eb%9e%98%eb%b0%8d_%ec%96%b8%ec%96%b4,120-180,주다,1,evaluate
392,http://ko.wikipedia.org/wiki/%ed%94%84%eb%a1%9c%ea%b7%b8%eb%9e%98%eb%b0%8d_%ec%96%b8%ec%96%b4,120-180,주어지다,1,understand
393,http://ko.wikipedia.org/wiki/%ed%94%84%eb%a1%9c%ea%b7%b8%eb%9e%98%eb%b0%8d_%ec%96%b8%ec%96%b4,120-180,크다,3,evaluate
394,http://ko.wikipedia.org/wiki/%ed%94%84%eb%a1%9c%ea%b7%b8%eb%9e%98%eb%b0%8d_%ec%96%b8%ec%96%b4,120-180,하다,10,apply
395,http://ko.wikipedia.org/wiki/%ed%94%84%eb%a1%9c%ea%b7%b8%eb%9e%98%eb%b0%8d_%ec%96%b8%ec%96%b4,120-180,해보다,1,apply
396,http://ko.wikipedia.org/wiki/%ed%95%a8%ec%88%98,240-300,끝나다,1,evaluate
397,http://ko.wikipedia.org/wiki/%ed%95%a8%ec%88%98,240-300,나타내다,1,apply
398,http://ko.wikipedia.org/wiki/%ed%95%a8%ec%88%98,240-300,늘다,1,evaluate
399,http://ko.wikipedia.org/wiki/%ed%95%a8%ec%88%98,240-300,다루다,1,apply
400,http://ko.wikipedia.org/wiki/%ed%95%a8%ec%88%98,240-300,되다,1,create
401,http://ko.wikipedia.org/wiki/%ed%95%a8%ec%88%98,240-300,배우다,1,understand
402,http://ko.wikipedia.org/wiki/%ed%95%a8%ec%88%98,240-300,불다,1,unknown
403,http://ko.wikipedia.org/wiki/%ed%95%a8%ec%88%98,240-300,쓸다,1,unknown
404,http://ko.wikipedia.org/wiki/%ed%95%a8%ec%88%98,240-300,오다,1,unknown
405,http://ko.wikipedia.org/wiki/%ed%95%a8%ec%88%98,240-300,주어지다,1,understand
406,http://ko.wikipedia.org/wiki/%ed%95%a8%ec%88%98,240-300,줍다,1,apply
407,http://ko.wikipedia.org/wiki/%ed%95%a8%ec%88%98,240-300,크다,1,evaluate
408,http://ko.wikipedia.org/wiki/%ed%95%a8%ec%88%98,240-300,하다,12,apply
409,http://ko.wikipedia.org/wiki/%ed%95%a8%ec%88%98,240-300,해보다,2,apply
410,http://ko.wikipedia.org/wiki/%ed%95%a8%ec%88%98_(%ed%94%84%eb%a1%9c%ea%b7%b8%eb%9e%98%eb%b0%8d),240-300,끝나다,1,evaluate
411,http://ko.wikipedia.org/wiki/%ed%95%a8%ec%88%98_(%ed%94%84%eb%a1%9c%ea%b7%b8%eb%9e%98%eb%b0%8d),240-300,나타내다,1,apply
412,http://ko.wikipedia.org/wiki/%ed%95%a8%ec%88%98_(%ed%94%84%eb%a1%9c%ea%b7%b8%eb%9e%98%eb%b0%8d),240-300,늘다,1,evaluate
413,http://ko.wikipedia.org/wiki/%ed%95%a8%ec%88%98_(%ed%94%84%eb%a1%9c%ea%b7%b8%eb%9e%98%eb%b0%8d),240-300,다루다,1,apply
414,http://ko.wikipedia.org/wiki/%ed%95%a8%ec%88%98_(%ed%94%84%eb%a1%9c%ea%b7%b8%eb%9e%98%eb%b0%8d),240-300,되다,1,create
415,http://ko.wikipedia.org/wiki/%ed%95%a8%ec%88%98_(%ed%94%84%eb%a1%9c%ea%b7%b8%eb%9e%98%eb%b0%8d),240-300,배우다,1,understand
416,http://ko.wikipedia.org/wiki/%ed%95%a8%ec%88%98_(%ed%94%84%eb%a1%9c%ea%b7%b8%eb%9e%98%eb%b0%8d),240-300,불다,1,unknown
417,http://ko.wikipedia.org/wiki/%ed%95%a8%ec%88%98_(%ed%94%84%eb%a1%9c%ea%b7%b8%eb%9e%98%eb%b0%8d),240-300,쓸다,1,unknown
418,http://ko.wikipedia.org/wiki/%ed%95%a8%ec%88%98_(%ed%94%84%eb%a1%9c%ea%b7%b8%eb%9e%98%eb%b0%8d),240-300,오다,1,unknown
419,http://ko.wikipedia.org/wiki/%ed%95%a8%ec%88%98_(%ed%94%84%eb%a1%9c%ea%b7%b8%eb%9e%98%eb%b0%8d),240-300,주어지다,1,understand
420,http://ko.wikipedia.org/wiki/%ed%95%a8%ec%88%98_(%ed%94%84%eb%a1%9c%ea%b7%b8%eb%9e%98%eb%b0%8d),240-300,줍다,1,apply
421,http://ko.wikipedia.org/wiki/%ed%95%a8%ec%88%98_(%ed%94%84%eb%a1%9c%ea%b7%b8%eb%9e%98%eb%b0%8d),240-300,크다,1,evaluate
422,http://ko.wikipedia.org/wiki/%ed%95%a8%ec%88%98_(%ed%94%84%eb%a1%9c%ea%b7%b8%eb%9e%98%eb%b0%8d),240-300,하다,12,apply
423,http://ko.wikipedia.org/wiki/%ed%95%a8%ec%88%98_(%ed%94%84%eb%a1%9c%ea%b7%b8%eb%9e%98%eb%b0%8d),240-300,해보다,2,apply
424,http://ko.wikipedia.org/wiki/C_(%ed%94%84%eb%a1%9c%ea%b7%b8%eb%9e%98%eb%b0%8d_%ec%96%b8%ec%96%b4),0-60,걸다,1,apply
425,http://ko.wikipedia.org/wiki/C_(%ed%94%84%eb%a1%9c%ea%b7%b8%eb%9e%98%eb%b0%8d_%ec%96%b8%ec%96%b4),0-60,끝나다,1,evaluate
426,http://ko.wikipedia.org/wiki/C_(%ed%94%84%eb%a1%9c%ea%b7%b8%eb%9e%98%eb%b0%8d_%ec%96%b8%ec%96%b4),0-60,늘다,2,evaluate
427,http://ko.wikipedia.org/wiki/C_(%ed%94%84%eb%a1%9c%ea%b7%b8%eb%9e%98%eb%b0%8d_%ec%96%b8%ec%96%b4),0-60,다루다,1,apply
428,http://ko.wikipedia.org/wiki/C_(%ed%94%84%eb%a1%9c%ea%b7%b8%eb%9e%98%eb%b0%8d_%ec%96%b8%ec%96%b4),0-60,되다,4,create
429,http://ko.wikipedia.org/wiki/C_(%ed%94%84%eb%a1%9c%ea%b7%b8%eb%9e%98%eb%b0%8d_%ec%96%b8%ec%96%b4),0-60,따다,1,apply
430,http://ko.wikipedia.org/wiki/C_(%ed%94%84%eb%a1%9c%ea%b7%b8%eb%9e%98%eb%b0%8d_%ec%96%b8%ec%96%b4),0-60,만들다,1,create
431,http://ko.wikipedia.org/wiki/C_(%ed%94%84%eb%a1%9c%ea%b7%b8%eb%9e%98%eb%b0%8d_%ec%96%b8%ec%96%b4),0-60,바라다,1,unknown
432,http://ko.wikipedia.org/wiki/C_(%ed%94%84%eb%a1%9c%ea%b7%b8%eb%9e%98%eb%b0%8d_%ec%96%b8%ec%96%b4),0-60,보다,2,understand
433,http://ko.wikipedia.org/wiki/C_(%ed%94%84%eb%a1%9c%ea%b7%b8%eb%9e%98%eb%b0%8d_%ec%96%b8%ec%96%b4),0-60,불다,2,unknown
434,http://ko.wikipedia.org/wiki/C_(%ed%94%84%eb%a1%9c%ea%b7%b8%eb%9e%98%eb%b0%8d_%ec%96%b8%ec%96%b4),0-60,쓰이다,1,evaluate
435,http://ko.wikipedia.org/wiki/C_(%ed%94%84%eb%a1%9c%ea%b7%b8%eb%9e%98%eb%b0%8d_%ec%96%b8%ec%96%b4),0-60,오다,1,unknown
436,http://ko.wikipedia.org/wiki/C_(%ed%94%84%eb%a1%9c%ea%b7%b8%eb%9e%98%eb%b0%8d_%ec%96%b8%ec%96%b4),0-60,하다,5,apply
437,http://ko.wikipedia.org/wiki/C_(%ed%94%84%eb%a1%9c%ea%b7%b8%eb%9e%98%eb%b0%8d_%ec%96%b8%ec%96%b4),0-60,해보다,1,apply
438,http://ko.wikipedia.org/wiki/C_(%ed%94%84%eb%a1%9c%ea%b7%b8%eb%9e%98%eb%b0%8d_%ec%96%b8%ec%96%b4),240-300,끝나다,1,evaluate
439,http://ko.wikipedia.org/wiki/C_(%ed%94%84%eb%a1%9c%ea%b7%b8%eb%9e%98%eb%b0%8d_%ec%96%b8%ec%96%b4),240-300,나타내다,1,apply
440,http://ko.wikipedia.org/wiki/C_(%ed%94%84%eb%a1%9c%ea%b7%b8%eb%9e%98%eb%b0%8d_%ec%96%b8%ec%96%b4),240-300,늘다,1,evaluate
441,http://ko.wikipedia.org/wiki/C_(%ed%94%84%eb%a1%9c%ea%b7%b8%eb%9e%98%eb%b0%8d_%ec%96%b8%ec%96%b4),240-300,다루다,1,apply
442,http://ko.wikipedia.org/wiki/C_(%ed%94%84%eb%a1%9c%ea%b7%b8%eb%9e%98%eb%b0%8d_%ec%96%b8%ec%96%b4),240-300,되다,1,create
443,http://ko.wikipedia.org/wiki/C_(%ed%94%84%eb%a1%9c%ea%b7%b8%eb%9e%98%eb%b0%8d_%ec%96%b8%ec%96%b4),240-300,배우다,1,understand
444,http://ko.wikipedia.org/wiki/C_(%ed%94%84%eb%a1%9c%ea%b7%b8%eb%9e%98%eb%b0%8d_%ec%96%b8%ec%96%b4),240-300,불다,1,unknown
445,http://ko.wikipedia.org/wiki/C_(%ed%94%84%eb%a1%9c%ea%b7%b8%eb%9e%98%eb%b0%8d_%ec%96%b8%ec%96%b4),240-300,쓸다,1,unknown
446,http://ko.wikipedia.org/wiki/C_(%ed%94%84%eb%a1%9c%ea%b7%b8%eb%9e%98%eb%b0%8d_%ec%96%b8%ec%96%b4),240-300,오다,1,unknown
447,http://ko.wikipedia.org/wiki/C_(%ed%94%84%eb%a1%9c%ea%b7%b8%eb%9e%98%eb%b0%8d_%ec%96%b8%ec%96%b4),240-300,주어지다,1,understand
448,http://ko.wikipedia.org/wiki/C_(%ed%94%84%eb%a1%9c%ea%b7%b8%eb%9e%98%eb%b0%8d_%ec%96%b8%ec%96%b4),240-300,줍다,1,apply
449,http://ko.wikipedia.org/wiki/C_(%ed%94%84%eb%a1%9c%ea%b7%b8%eb%9e%98%eb%b0%8d_%ec%96%b8%ec%96%b4),240-300,크다,1,evaluate
450,http://ko.wikipedia.org/wiki/C_(%ed%94%84%eb%a1%9c%ea%b7%b8%eb%9e%98%eb%b0%8d_%ec%96%b8%ec%96%b4),240-300,하다,12,apply
451,http://ko.wikipedia.org/wiki/C_(%ed%94%84%eb%a1%9c%ea%b7%b8%eb%9e%98%eb%b0%8d_%ec%96%b8%ec%96%b4),240-300,해보다,2,apply
452,http://ko.wikipedia.org/wiki/N,120-180,끝나다,1,evaluate
453,http://ko.wikipedia.org/wiki/N,120-180,나다,1,unknown
454,http://ko.wikipedia.org/wiki/N,120-180,나타내다,1,apply
455,http://ko.wikipedia.org/wiki/N,120-180,넣다,1,apply
456,http://ko.wikipedia.org/wiki/N,120-180,늘다,2,evaluate
457,http://ko.wikipedia.org/wiki/N,120-180,다루다,1,apply
458,http://ko.wikipedia.org/wiki/N,120-180,돌려주다,1,apply
459,http://ko.wikipedia.org/wiki/N,120-180,되다,1,create
460,http://ko.wikipedia.org/wiki/N,120-180,들다,1,unknown
461,http://ko.wikipedia.org/wiki/N,120-180,들어가다,1,apply
462,http://ko.wikipedia.org/wiki/N,120-180,배우다,1,understand
463,http://ko.wikipedia.org/wiki/N,120-180,보다,2,understand
464,http://ko.wikipedia.org/wiki/N,120-180,부르다,1,unknown
465,http://ko.wikipedia.org/wiki/N,120-180,불다,1,unknown
466,http://ko.wikipedia.org/wiki/N,120-180,서다,1,understand
467,http://ko.wikipedia.org/wiki/N,120-180,알다,1,understand
468,http://ko.wikipedia.org/wiki/N,120-180,오다,2,unknown
469,http://ko.wikipedia.org/wiki/N,120-180,이르다,1,unknown
470,http://ko.wikipedia.org/wiki/N,120-180,주다,1,evaluate
471,http://ko.wikipedia.org/wiki/N,120-180,주어지다,1,understand
472,http://ko.wikipedia.org/wiki/N,120-180,크다,3,evaluate
473,http://ko.wikipedia.org/wiki/N,120-180,하다,10,apply
474,http://ko.wikipedia.org/wiki/N,120-180,해보다,1,apply
475,http://ko.wikipedia.org/wiki/N,180-240,가다,2,unknown
476,http://ko.wikipedia.org/wiki/N,180-240,끝나다,1,evaluate
477,http://ko.wikipedia.org/wiki/N,180-240,나오다,2,unknown
478,http://ko.wikipedia.org/wiki/N,180-240,누르다,1,apply
479,http://ko.wikipedia.org/wiki/N,180-240,되다,5,create
480,http://ko.wikipedia.org/wiki/N,180-240,버리다,1,unknown
481,http://ko.wikipedia.org/wiki/N,180-240,쓰다,1,apply
482,http://ko.wikipedia.org/wiki/N,180-240,오다,2,unknown
483,http://ko.wikipedia.org/wiki/N,180-240,이다,1,unknown
484,http://ko.wikipedia.org/wiki/N,180-240,자다,1,understand
485,http://ko.wikipedia.org/wiki/N,180-240,줄어들다,1,unknown
486,http://ko.wikipedia.org/wiki/N,180-240,틀다,1,unknown
487,http://ko.wikipedia.org/wiki/N,180-240,하다,7,apply
488,http://ko.wikipedia.org/wiki/N,180-240,해보다,1,apply
489,http://ko.wikipedia.org/wiki/Printf,240-300,끝나다,1,evaluate
490,http://ko.wikipedia.org/wiki/Printf,240-300,나타내다,1,apply
491,http://ko.wikipedia.org/wiki/Printf,240-300,늘다,1,evaluate
492,http://ko.wikipedia.org/wiki/Printf,240-300,다루다,1,apply
493,http://ko.wikipedia.org/wiki/Printf,240-300,되다,1,create
494,http://ko.wikipedia.org/wiki/Printf,240-300,배우다,1,understand
495,http://ko.wikipedia.org/wiki/Printf,240-300,불다,1,unknown
496,http://ko.wikipedia.org/wiki/Printf,240-300,쓸다,1,unknown
497,http://ko.wikipedia.org/wiki/Printf,240-300,오다,1,unknown
498,http://ko.wikipedia.org/wiki/Printf,240-300,주어지다,1,understand
499,http://ko.wikipedia.org/wiki/Printf,240-300,줍다,1,apply
500,http://ko.wikipedia.org/wiki/Printf,240-300,크다,1,evaluate
501,http://ko.wikipedia.org/wiki/Printf,240-300,하다,12,apply
502,http://ko.wikipedia.org/wiki/Printf,240-300,해보다,2,apply
503,http://ko.wikipedia.org/wiki/Stdio%2eh,0-60,걸다,1,apply
504,http://ko.wikipedia.org/wiki/Stdio%2eh,0-60,끝나다,1,evaluate
505,http://ko.wikipedia.org/wiki/Stdio%2eh,0-60,늘다,2,evaluate
506,http://ko.wikipedia.org/wiki/Stdio%2eh,0-60,다루다,1,apply
507,http://ko.wikipedia.org/wiki/Stdio%2eh,0-60,되다,4,create
508,http://ko.wikipedia.org/wiki/Stdio%2eh,0-60,따다,1,apply
509,http://ko.wikipedia.org/wiki/Stdio%2eh,0-60,만들다,1,create
510,http://ko.wikipedia.org/wiki/Stdio%2eh,0-60,바라다,1,unknown
511,http://ko.wikipedia.org/wiki/Stdio%2eh,0-60,보다,2,understand
512,http://ko.wikipedia.org/wiki/Stdio%2eh,0-60,불다,2,unknown
513,http://ko.wikipedia.org/wiki/Stdio%2eh,0-60,쓰이다,1,evaluate
514,http://ko.wikipedia.org/wiki/Stdio%2eh,0-60,오다,1,unknown
515,http://ko.wikipedia.org/wiki/Stdio%2eh,0-60,하다,5,apply
516,http://ko.wikipedia.org/wiki/Stdio%2eh,0-60,해보다,1,apply
517,http://ko.wikipedia.org/wiki/Stdio%2eh,240-300,끝나다,1,evaluate
518,http://ko.wikipedia.org/wiki/Stdio%2eh,240-300,나타내다,1,apply
519,http://ko.wikipedia.org/wiki/Stdio%2eh,240-300,늘다,1,evaluate
520,http://ko.wikipedia.org/wiki/Stdio%2eh,240-300,다루다,1,apply
521,http://ko.wikipedia.org/wiki/Stdio%2eh,240-300,되다,1,create
522,http://ko.wikipedia.org/wiki/Stdio%2eh,240-300,배우다,1,understand
523,http://ko.wikipedia.org/wiki/Stdio%2eh,240-300,불다,1,unknown
524,http://ko.wikipedia.org/wiki/Stdio%2eh,240-300,쓸다,1,unknown
525,http://ko.wikipedia.org/wiki/Stdio%2eh,240-300,오다,1,unknown
526,http://ko.wikipedia.org/wiki/Stdio%2eh,240-300,주어지다,1,understand
527,http://ko.wikipedia.org/wiki/Stdio%2eh,240-300,줍다,1,apply
528,http://ko.wikipedia.org/wiki/Stdio%2eh,240-300,크다,1,evaluate
529,http://ko.wikipedia.org/wiki/Stdio%2eh,240-300,하다,12,apply
530,http://ko.wikipedia.org/wiki/Stdio%2eh,240-300,해보다,2,apply
