title,word,start_time,end_time
"파이썬 왕초보 기초 강의 - 파이썬 프로그래밍의 기초, 자료형(1)","점프 투 파이썬. 2장, 파이썬 프로그래밍의 기초, 자료형에 대해서 배워 보겠습니다.",0,60
"파이썬 왕초보 기초 강의 - 파이썬 프로그래밍의 기초, 자료형(1)","박응용 선생님께서 지으신 책이고요, 제가 강의를 맡게 되었습니다.",0,60
"파이썬 왕초보 기초 강의 - 파이썬 프로그래밍의 기초, 자료형(1)",책에 나온 말 중에 자료형을 알고 있다면 그 언어의 절반을 터득한 것이라는 말이 있습니다.,0,60
"파이썬 왕초보 기초 강의 - 파이썬 프로그래밍의 기초, 자료형(1)",그만큼 오늘 배울 자료형이 굉장히 중요한 부분입니다. 집중해서 들어 주시면 감사하겠습니다.,0,60
"파이썬 왕초보 기초 강의 - 파이썬 프로그래밍의 기초, 자료형(1)","일단 자료형이 뭔지 아예 처음 들어보신 분도 있을 텐데. 여러분, 1 더하기 1, 너무 쉽죠?",0,60
"파이썬 왕초보 기초 강의 - 파이썬 프로그래밍의 기초, 자료형(1)",1 더하기 1은 당연히 2겠지? 라고 생각할 수 있는 게 암묵적으로 1이랑 이 1이,0,60
"파이썬 왕초보 기초 강의 - 파이썬 프로그래밍의 기초, 자료형(1)","우리가 생각하기에 머릿속으로 아, 이게 숫자고, 얘도 숫자니까 1 더하기 1이 당연히 2겠다,",0,60
"파이썬 왕초보 기초 강의 - 파이썬 프로그래밍의 기초, 자료형(1)",라고 생각이 들 수 있는데 이게 만약에,0,60
"파이썬 왕초보 기초 강의 - 파이썬 프로그래밍의 기초, 자료형(1)","문자형이면 1이 숫자가 아니고, 그냥 문자 1이에요.",0,60
"파이썬 왕초보 기초 강의 - 파이썬 프로그래밍의 기초, 자료형(1)",그래서 글자 1이면 이 두 개를 더하게 되면 그냥 글자끼리 더한 거니까,0,60
"파이썬 왕초보 기초 강의 - 파이썬 프로그래밍의 기초, 자료형(1)",이게 11이 되어 버립니다.,0,60
"파이썬 왕초보 기초 강의 - 파이썬 프로그래밍의 기초, 자료형(1)",그래서 자료형이라는 것은 이 값의 타입이라고 볼 수도 있는데,0,60
"파이썬 왕초보 기초 강의 - 파이썬 프로그래밍의 기초, 자료형(1)","그 값이 숫자인지 문자인지, 이런 걸 구분할 수 있게 해 줍니다.",0,60
"파이썬 왕초보 기초 강의 - 파이썬 프로그래밍의 기초, 자료형(1)","1 더하기 1, 창문... 창문이 되게 초등학교 때 나왔던 유머였던 것 같은데.",60,120
"파이썬 왕초보 기초 강의 - 파이썬 프로그래밍의 기초, 자료형(1)",숫자형인지 아니면 문자형인지 이게 되게 중요합니다.,60,120
"파이썬 왕초보 기초 강의 - 파이썬 프로그래밍의 기초, 자료형(1)","프로그래밍에서는 사람이 그냥 어, 1 더하기 1은 숫자, 숫자고 이렇게 구분할 수 없고 프로그램은 정해져 있습니다, 형식이.",60,120
"파이썬 왕초보 기초 강의 - 파이썬 프로그래밍의 기초, 자료형(1)",그거를 오늘 배울 자료형이라고 부릅니다.,60,120
"파이썬 왕초보 기초 강의 - 파이썬 프로그래밍의 기초, 자료형(1)","그러면 그런 자료형에는 뭐가 있는지 그냥 개략적으로 살펴보면,",60,120
"파이썬 왕초보 기초 강의 - 파이썬 프로그래밍의 기초, 자료형(1)","숫자형, 문자열, 불이라고 참, 거짓을 나타내는 자료형이 있습니다. 변수, 리스트, 튜플, 딕셔너리, 집합,",60,120
"파이썬 왕초보 기초 강의 - 파이썬 프로그래밍의 기초, 자료형(1)","이런 자료형들이 있습니다. 좀 구분을 하자면 위에 거는 자료에 대한 타입으로 생각하시면 되고,",60,120
"파이썬 왕초보 기초 강의 - 파이썬 프로그래밍의 기초, 자료형(1)",얘는 타입이기는 한데 그러니까 어떤 값을 담는 자료 구조라고 보시면 됩니다.,60,120
"파이썬 왕초보 기초 강의 - 파이썬 프로그래밍의 기초, 자료형(1)",지금은 무슨 소리인지 하나도 모르실 텐데 그냥 이런 게 있구나 하고 뒤에서 다 알려 드리겠습니다.,60,120
"파이썬 왕초보 기초 강의 - 파이썬 프로그래밍의 기초, 자료형(1)",그러면 변수에 대해서 처음 들어 보시는 분도 있죠. 변수란 어떤 값을 담는 상자입니다.,60,120
"파이썬 왕초보 기초 강의 - 파이썬 프로그래밍의 기초, 자료형(1)",a라는 변수가 있으면,60,120
"파이썬 왕초보 기초 강의 - 파이썬 프로그래밍의 기초, 자료형(1)","이렇게 a는 3, 이런 식이 있으면 이게 무슨 뜻일까요?",60,120
"파이썬 왕초보 기초 강의 - 파이썬 프로그래밍의 기초, 자료형(1)",이게 뭐냐면 3이라는 숫자 자료를 a라는 상자에 담는다. 이런 뜻이 됩니다.,60,120
"파이썬 왕초보 기초 강의 - 파이썬 프로그래밍의 기초, 자료형(1)","수학에서 등호랑 좀 다릅니다. 왜 그런지 살펴 보면, 수학에서는 이렇게 나와 있으면 말이 안 되죠.",60,120
"파이썬 왕초보 기초 강의 - 파이썬 프로그래밍의 기초, 자료형(1)","이두희 님이랑 인터뷰하는 거에서 예제로 나왔었는데, 멋사 수업 때 에피소드 중 하나가",120,180
"파이썬 왕초보 기초 강의 - 파이썬 프로그래밍의 기초, 자료형(1)","수학과 학생이 프로그래밍을 처음 배우는데 이 식을 보고 이게 등호니까 양변에 a를 지우면, 이게...",120,180
"파이썬 왕초보 기초 강의 - 파이썬 프로그래밍의 기초, 자료형(1)",0이 1이 되는 것이 아니냐. 뭐 이렇게 생각을 하시더라고요.,120,180
"파이썬 왕초보 기초 강의 - 파이썬 프로그래밍의 기초, 자료형(1)","이 등호가 그 등호가 아니고 여기서의 뜻은 이 오른쪽에 있는 값을 왼쪽 상자, 변수에 넣는다. 이런 의미입니다.",120,180
"파이썬 왕초보 기초 강의 - 파이썬 프로그래밍의 기초, 자료형(1)",여기는 a 플러스 1이라는 걸 왼쪽에 넣는다.,120,180
"파이썬 왕초보 기초 강의 - 파이썬 프로그래밍의 기초, 자료형(1)",아까 a가 3이었으니까 3 더하기 1 해서 4라는 값을 왼쪽에 넣는다. 이렇게 보시면 됩니다.,120,180
"파이썬 왕초보 기초 강의 - 파이썬 프로그래밍의 기초, 자료형(1)","그러면 이제 본격적으로 숫자형, 자료형을 하나씩 살펴 보겠습니다.",120,180
"파이썬 왕초보 기초 강의 - 파이썬 프로그래밍의 기초, 자료형(1)",그 중에서 숫자형을 가장 먼저 살펴 보겠습니다.,120,180
"파이썬 왕초보 기초 강의 - 파이썬 프로그래밍의 기초, 자료형(1)",숫자형은 아까 예시로 봤던 정수형 숫자형이 있고요.,120,180
"파이썬 왕초보 기초 강의 - 파이썬 프로그래밍의 기초, 자료형(1)","실수형, 기타 지수 표현 방식, 8진수, 16진수, 뭐 이런 진수 표현이 있는데",120,180
"파이썬 왕초보 기초 강의 - 파이썬 프로그래밍의 기초, 자료형(1)",뭐 사실 이런 거는 거의 쓸 일이 없습니다. 그래서 아마 이거만 쓰실 것 같은데,120,180
"파이썬 왕초보 기초 강의 - 파이썬 프로그래밍의 기초, 자료형(1)",그래도 책을 처음 배우는 거니까 그냥 이게 뭔지만 알아 보겠습니다.,120,180
"파이썬 왕초보 기초 강의 - 파이썬 프로그래밍의 기초, 자료형(1)",정수형.,120,180
"파이썬 왕초보 기초 강의 - 파이썬 프로그래밍의 기초, 자료형(1)",a는 1. 이렇게 되면 a라는 값에 1이라는 숫자형을 넣는다. 이런 의미죠. 프린트...,120,180
"파이썬 왕초보 기초 강의 - 파이썬 프로그래밍의 기초, 자료형(1)","a를 하게 되면 여기 위에, 이 재생으로 실행할 수 있습니다. 이걸 하게 되면 이제 1이 출력돼서 나오는 걸 확인할 수 있죠.",180,240
"파이썬 왕초보 기초 강의 - 파이썬 프로그래밍의 기초, 자료형(1)",그러면 여기서 이 자료형이 뭔지가 궁금할 수 있잖아요? 그래서 이 a가 무슨 형인지 궁금하다면 타입...,180,240
"파이썬 왕초보 기초 강의 - 파이썬 프로그래밍의 기초, 자료형(1)","이라고 쓰고 괄호 열고, 괄호 닫고를 해 주면 a의 타입을 알 수가 있습니다.",180,240
"파이썬 왕초보 기초 강의 - 파이썬 프로그래밍의 기초, 자료형(1)","a의 타입, 아까 뭐였죠? 숫자형이었죠. 그래서 이걸 재생 눌러서 실행시켜 보면",180,240
"파이썬 왕초보 기초 강의 - 파이썬 프로그래밍의 기초, 자료형(1)","여기 클래스 인트 하고 나오는데, 인트가 우리가 아까 본 숫자형 중에 정수형을 의미합니다.",180,240
"파이썬 왕초보 기초 강의 - 파이썬 프로그래밍의 기초, 자료형(1)","이 정수형 있죠. 이게 인트형입니다, 영어로는. 실수형은 뭘까요?",180,240
"파이썬 왕초보 기초 강의 - 파이썬 프로그래밍의 기초, 자료형(1)","실수형은 뭐 수학을 배우시면 실수라는 말 들어 보셨을 텐데 점 찍힌 것 있죠. 소수점이 나온 거, 이걸 실수라고 합니다.",180,240
"파이썬 왕초보 기초 강의 - 파이썬 프로그래밍의 기초, 자료형(1)","그래서 1.24, 이거를 타입을 찍어 보면 이제는 플로트라고 나옵니다.",180,240
"파이썬 왕초보 기초 강의 - 파이썬 프로그래밍의 기초, 자료형(1)",결과가 플로트라고 나왔죠. 실수는 이제 플로트라는 자료형이 뜹니다.,180,240
"파이썬 왕초보 기초 강의 - 파이썬 프로그래밍의 기초, 자료형(1)","숫자형이긴 한데 인트, 플로트, 이렇게 값이 나뉩니다.",180,240
"파이썬 왕초보 기초 강의 - 파이썬 프로그래밍의 기초, 자료형(1)",뒤에 거는 사실 거의 쓸 일이 없는데 그래도 한번 찍어 보겠습니다. 4.24...,180,240
"파이썬 왕초보 기초 강의 - 파이썬 프로그래밍의 기초, 자료형(1)","e의 10. 이렇게 하면, 네, 얘도 플로트형이고 a 값을 찍어 보면 이런 식으로 됐습니다.",240,300
"파이썬 왕초보 기초 강의 - 파이썬 프로그래밍의 기초, 자료형(1)",0이 엄청 많죠. 이게 왜 그러냐면 계산기 쓰신 분들은 아마 아실 수도 있는데,240,300
"파이썬 왕초보 기초 강의 - 파이썬 프로그래밍의 기초, 자료형(1)",계산기에 엄청 큰 값을 입력하게 되면 이런 식으로 뜰 때가 있죠.,240,300
"파이썬 왕초보 기초 강의 - 파이썬 프로그래밍의 기초, 자료형(1)",그래서 여기 e하고 10이라는 건 4.24 곱하기 10의 10승을 한 겁니다.,240,300
"파이썬 왕초보 기초 강의 - 파이썬 프로그래밍의 기초, 자료형(1)","e의 10 하면, 10의 10승을 여기에 곱한 거고 마이너스 10 하면 반대로",240,300
"파이썬 왕초보 기초 강의 - 파이썬 프로그래밍의 기초, 자료형(1)",10의 마이너스 10승. 그러니까 소수점을 나타낼 때 이걸 씁니다.,240,300
"파이썬 왕초보 기초 강의 - 파이썬 프로그래밍의 기초, 자료형(1)","근데 이거는 거의 안 씁니다. 네, 이런 진수 개념이 있고 이렇게 진수를 숫자형으로 표현할 수 있다, 뭐 이런 걸 볼 수 있습니다.",240,300
"파이썬 왕초보 기초 강의 - 파이썬 프로그래밍의 기초, 자료형(1)",사칙연산. 파이썬은 이제 계산 기능이 되니까 숫자형 자료를 이용해서 사칙연산을 할 수도 있겠죠.,240,300
"파이썬 왕초보 기초 강의 - 파이썬 프로그래밍의 기초, 자료형(1)","직접 해 보겠습니다. 책에 나온 예제를 보면, 네, a는 3,",240,300
"파이썬 왕초보 기초 강의 - 파이썬 프로그래밍의 기초, 자료형(1)","b는 4, 이렇게 있죠. 여기 프린트 a 플러스 b를 하면 이렇게 7이 나옵니다.",240,300
"파이썬 왕초보 기초 강의 - 파이썬 프로그래밍의 기초, 자료형(1)",이런 식으로 더하기 할 수 있다. 또 할 수 있는 게 더하기 말고 곱하기도 할 수 있습니다.,240,300
"파이썬 왕초보 기초 강의 - 파이썬 프로그래밍의 기초, 자료형(1)",이게 곱하기가 처음 보시는 분은 잘 모를 수도 있는데 곱하기 하면 수학에서 이렇게 X 보통 생각하죠.,240,300
"파이썬 왕초보 기초 강의 - 파이썬 프로그래밍의 기초, 자료형(1)",X로 쓰면은 이제 문자로 쓰는 X랑 헷갈릴 수 있어서,300,360
"파이썬 왕초보 기초 강의 - 파이썬 프로그래밍의 기초, 자료형(1)","컴퓨터에서는 계산 곱하기라는걸 할 때, 별 표시, 요거를 곱하기로 씁니다.",300,360
"파이썬 왕초보 기초 강의 - 파이썬 프로그래밍의 기초, 자료형(1)",그러면 3x4=12 죠? 그래서 12가 나왔습니다.,300,360
"파이썬 왕초보 기초 강의 - 파이썬 프로그래밍의 기초, 자료형(1)","나누기는 슬래시, 이 shift 옆에 있는 이 슬래시 있죠?",300,360
"파이썬 왕초보 기초 강의 - 파이썬 프로그래밍의 기초, 자료형(1)",요거를 쓰면 나누기가 됩니다.,300,360
"파이썬 왕초보 기초 강의 - 파이썬 프로그래밍의 기초, 자료형(1)",0.75 해가지고 아까 float형 실수형 자료가 나왔죠?,300,360
"파이썬 왕초보 기초 강의 - 파이썬 프로그래밍의 기초, 자료형(1)",그래서 이런 소수점까지 표현이 됩니다.,300,360
"파이썬 왕초보 기초 강의 - 파이썬 프로그래밍의 기초, 자료형(1)",이게 아마 다른 언어 배우신 분은,300,360
"파이썬 왕초보 기초 강의 - 파이썬 프로그래밍의 기초, 자료형(1)",자바에서는 몫이 나오던데 하고 헷갈리실 수 있는데,300,360
"파이썬 왕초보 기초 강의 - 파이썬 프로그래밍의 기초, 자료형(1)",나눴을 때 몫이 나오는 건 슬래시를 하나 더 붙였을 때,300,360
"파이썬 왕초보 기초 강의 - 파이썬 프로그래밍의 기초, 자료형(1)",이렇게 쓰면 이제 나눴을 때 몫이 나옵니다.,300,360
"파이썬 왕초보 기초 강의 - 파이썬 프로그래밍의 기초, 자료형(1)",어려우실 수 있으니까 잠깐 설명을 해 드릴게요.,300,360
"파이썬 왕초보 기초 강의 - 파이썬 프로그래밍의 기초, 자료형(1)","3하고, 얘가 바로 나눌 수 없으니까 몫이 0이고",300,360
"파이썬 왕초보 기초 강의 - 파이썬 프로그래밍의 기초, 자료형(1)","이렇게 나머지가 3이다, 이렇게 쓸 수도 있죠?",300,360
"파이썬 왕초보 기초 강의 - 파이썬 프로그래밍의 기초, 자료형(1)",이거 기억나시나요? 예전에 초등학교 중학교 이럴 때 배우는 수학인데,300,360
"파이썬 왕초보 기초 강의 - 파이썬 프로그래밍의 기초, 자료형(1)",이렇게 하면 몫이 0이고 나머지가 3이다 이렇게 쓸 수 있죠.,300,360
"파이썬 왕초보 기초 강의 - 파이썬 프로그래밍의 기초, 자료형(1)","몫을 표현할 때, 그때는 요 슬래쉬를 두개 붙여서 이렇게 하면 몫이 나옵니다.",300,360
"파이썬 왕초보 기초 강의 - 파이썬 프로그래밍의 기초, 자료형(1)",재생을 해보면 여기 0이 나왔죠?,300,360
"파이썬 왕초보 기초 강의 - 파이썬 프로그래밍의 기초, 자료형(1)",그러면 3을 표현하려면 어떻게 표현해야되냐?,300,360
"파이썬 왕초보 기초 강의 - 파이썬 프로그래밍의 기초, 자료형(1)","퍼센트, Shift하고 5번이죠. 퍼센트를 쓰면 이 나머지인 3이 표시됩니다.",300,360
"파이썬 왕초보 기초 강의 - 파이썬 프로그래밍의 기초, 자료형(1)",규권방님 이거 별표 두개가 제곱인가요라고 해주셨는데 맞습니다.,300,360
"파이썬 왕초보 기초 강의 - 파이썬 프로그래밍의 기초, 자료형(1)",이렇게 별표 두개 하면 제곱이 됩니다.,360,420
"파이썬 왕초보 기초 강의 - 파이썬 프로그래밍의 기초, 자료형(1)","그러면 3의 4승, 이렇게 81이 나옵니다.",360,420
"파이썬 왕초보 기초 강의 - 파이썬 프로그래밍의 기초, 자료형(1)","제곱, 3의 4승 81이 나왔고, 퍼센트 연산자 아까 그렸던 것 중에 나머지 있죠.",360,420
"파이썬 왕초보 기초 강의 - 파이썬 프로그래밍의 기초, 자료형(1)",그 나머지를 표현하는게 퍼센트 연산자입니다.,360,420
"파이썬 왕초보 기초 강의 - 파이썬 프로그래밍의 기초, 자료형(1)","몫을 나타내려면 두개 그으면 몫이 나오고, 이렇게 하면 나누기다.",360,420
"파이썬 왕초보 기초 강의 - 파이썬 프로그래밍의 기초, 자료형(1)",이제 숫자는 여기까지 마치고 문자열 자료형을 보겠습니다.,360,420
"파이썬 왕초보 기초 강의 - 파이썬 프로그래밍의 기초, 자료형(1)",문자열 자료형을 만드는게 방법이 상당히 많습니다.,360,420
"파이썬 왕초보 기초 강의 - 파이썬 프로그래밍의 기초, 자료형(1)","큰 따옴표 쓸 수도 있고, 작은 따옴표",360,420
"파이썬 왕초보 기초 강의 - 파이썬 프로그래밍의 기초, 자료형(1)","큰 따옴표 세개, 작은 따옴표 세개 이렇게 쓸 수 있는데",360,420
"파이썬 왕초보 기초 강의 - 파이썬 프로그래밍의 기초, 자료형(1)",하나씩 한 번 실습해 보겠습니다. Hello world 요렇게 하고,360,420
"파이썬 왕초보 기초 강의 - 파이썬 프로그래밍의 기초, 자료형(1)","print(a)를 하면 이렇게 Hello world가 나오는거, 이건 많이 했었죠?",360,420
"파이썬 왕초보 기초 강의 - 파이썬 프로그래밍의 기초, 자료형(1)",그리고 type을 찍어보면 이게 타입이 문자형이라서,360,420
"파이썬 왕초보 기초 강의 - 파이썬 프로그래밍의 기초, 자료형(1)",str이라고 나왔습니다.,360,420
"파이썬 왕초보 기초 강의 - 파이썬 프로그래밍의 기초, 자료형(1)",str이 문자열 자료형이라는 뜻인 string의 약자로 str를 씁니다.,360,420
"파이썬 왕초보 기초 강의 - 파이썬 프로그래밍의 기초, 자료형(1)",근데 이걸 쓰는 방법이 여러가지가 있습니다.,360,420
"파이썬 왕초보 기초 강의 - 파이썬 프로그래밍의 기초, 자료형(1)",큰 따옴표로 쓰셔도 되고 작은 따옴표로 쓰셔도 똑같습니다.,360,420
"파이썬 왕초보 기초 강의 - 파이썬 프로그래밍의 기초, 자료형(1)",이걸 세개 써도 되고 큰 따옴표 세개로 감싸도 똑같습니다.,360,420
"파이썬 왕초보 기초 강의 - 파이썬 프로그래밍의 기초, 자료형(1)",이걸 그냥 하나만 만드면 되지 왜 이렇게 많이 쓰냐라고 생각하실 수 있는데,360,420
"파이썬 왕초보 기초 강의 - 파이썬 프로그래밍의 기초, 자료형(1)",이게 다 이유가 있습니다. 책에 예시에도 나오는데,420,480
"파이썬 왕초보 기초 강의 - 파이썬 프로그래밍의 기초, 자료형(1)","요런 문장이 있다라고 하면은, 이게 만약에 작은 따옴표 밖에 못썼다면",420,480
"파이썬 왕초보 기초 강의 - 파이썬 프로그래밍의 기초, 자료형(1)",어 좀 일단 색깔부터 이상하죠? 그래서 실제로 재생을 눌러보면,420,480
"파이썬 왕초보 기초 강의 - 파이썬 프로그래밍의 기초, 자료형(1)",invalid syntax 해가지고 오류가 났습니다.,420,480
"파이썬 왕초보 기초 강의 - 파이썬 프로그래밍의 기초, 자료형(1)",이게 왜 오류가 났을까? 작은 따옴표가 있죠?,420,480
"파이썬 왕초보 기초 강의 - 파이썬 프로그래밍의 기초, 자료형(1)",작은 따옴표하고 요기에 Python's하면서 이 작은 따옴표를 한번 더 썼어요.,420,480
"파이썬 왕초보 기초 강의 - 파이썬 프로그래밍의 기초, 자료형(1)","그랬더니 여기 파이썬이 인식하기에는, 어 이거는?",420,480
"파이썬 왕초보 기초 강의 - 파이썬 프로그래밍의 기초, 자료형(1)",그럼 작은 따옴표로 감쌌으니까 이게 문자열 자료형이겠네?,420,480
"파이썬 왕초보 기초 강의 - 파이썬 프로그래밍의 기초, 자료형(1)",뒤에거는 그냥 변수인가 하고 파이썬이 알아듣지 못합니다.,420,480
"파이썬 왕초보 기초 강의 - 파이썬 프로그래밍의 기초, 자료형(1)","요 가운데 있는 값은 이게 Syntax error, 이런 문법은 파이썬에 없어 하고",420,480
"파이썬 왕초보 기초 강의 - 파이썬 프로그래밍의 기초, 자료형(1)",에러를 때리게 됩니다. 요런 문자를 쓰기 위해서 큰 따옴표로 감싸게 되면,420,480
"파이썬 왕초보 기초 강의 - 파이썬 프로그래밍의 기초, 자료형(1)",이제는 큰 따옴표 사이에 작은 따옴표가 있는거니까,420,480
"파이썬 왕초보 기초 강의 - 파이썬 프로그래밍의 기초, 자료형(1)",요런 Python's할때 요런 작은 따옴표를 쓸 수 가 있겠죠.,420,480
"파이썬 왕초보 기초 강의 - 파이썬 프로그래밍의 기초, 자료형(1)",그러면 이제 Python's 이게 제대로 나오죠.,420,480
"파이썬 왕초보 기초 강의 - 파이썬 프로그래밍의 기초, 자료형(1)",요게 제대로 나온 걸 볼 수 있습니다. 당연히 이 작은 따옴표를 쓰고,420,480
"파이썬 왕초보 기초 강의 - 파이썬 프로그래밍의 기초, 자료형(1)",이 안에 큰 따옴표를 써도 문장을 만들 수 있습니다.,420,480
"파이썬 왕초보 기초 강의 - 파이썬 프로그래밍의 기초, 자료형(1)",그래서 이런식으로 쓸 수 있다. 그리고 추가적으로,420,480
"파이썬 왕초보 기초 강의 - 파이썬 프로그래밍의 기초, 자료형(1)",안에 따옴표나 작은 따음표를 넣을 수 있는 새로운 방법이 있는데,420,480
"파이썬 왕초보 기초 강의 - 파이썬 프로그래밍의 기초, 자료형(1)",키보드에 요 표시 있으신가요? 요렇게 되어 있는 경우도 있고,420,480
"파이썬 왕초보 기초 강의 - 파이썬 프로그래밍의 기초, 자료형(1)",아니면 한글 키보드면 이렇게 원 표시로 들어가있는게 있어요.,480,540
"파이썬 왕초보 기초 강의 - 파이썬 프로그래밍의 기초, 자료형(1)",이게 백슬래시라는 키보드 버튼이에요.,480,540
"파이썬 왕초보 기초 강의 - 파이썬 프로그래밍의 기초, 자료형(1)",백슬래시를 쓰고 따옴표를 쓰면 이거는 문자 따옴표를 쓸거니까,480,540
"파이썬 왕초보 기초 강의 - 파이썬 프로그래밍의 기초, 자료형(1)",스트링에 시작과 끝이 아닌 문자열 따옴표다라고 알려 줄 수가 있습니다.,480,540
"파이썬 왕초보 기초 강의 - 파이썬 프로그래밍의 기초, 자료형(1)","요런 거를 이용하면은, 작은 따옴표 있으면 아까 오류났었죠? 이렇게 되면",480,540
"파이썬 왕초보 기초 강의 - 파이썬 프로그래밍의 기초, 자료형(1)",여기 자리에 백슬래시 키 있죠?,480,540
"파이썬 왕초보 기초 강의 - 파이썬 프로그래밍의 기초, 자료형(1)",요거를 쓰면은 정상적으로 오류가 안나고 따옴표가 잘 출력이 됩니다.,480,540
"파이썬 왕초보 기초 강의 - 파이썬 프로그래밍의 기초, 자료형(1)",여러 줄로 이루어진 문자열 어떤 건지 감은 아시겠죠?,480,540
"파이썬 왕초보 기초 강의 - 파이썬 프로그래밍의 기초, 자료형(1)","이렇게 되어 있는게 문자열 자료형이고, 이게 우리가 아는 string",480,540
"파이썬 왕초보 기초 강의 - 파이썬 프로그래밍의 기초, 자료형(1)",문자열을 쓴 거다 이렇게 되있는데 이렇게 하고 싶을 수도 있죠.,480,540
"파이썬 왕초보 기초 강의 - 파이썬 프로그래밍의 기초, 자료형(1)",Life is too short You need python.,480,540
"파이썬 왕초보 기초 강의 - 파이썬 프로그래밍의 기초, 자료형(1)",이런 문장이 있는데 여기를 뛰우고 싶어요.,480,540
"파이썬 왕초보 기초 강의 - 파이썬 프로그래밍의 기초, 자료형(1)",이걸 엔터를 치고 이 값을 넣고 싶어요.,480,540
"파이썬 왕초보 기초 강의 - 파이썬 프로그래밍의 기초, 자료형(1)",근데 그냥 이렇게 하면 오류가 떴죠? 뛰어쓰기를 인식을 못해요.,480,540
"파이썬 왕초보 기초 강의 - 파이썬 프로그래밍의 기초, 자료형(1)",파이썬은 한 줄씩 이렇게 처리하기 때문에,480,540
"파이썬 왕초보 기초 강의 - 파이썬 프로그래밍의 기초, 자료형(1)",이렇게 읽다가 여기 따옴표가 없잖아요.,480,540
"파이썬 왕초보 기초 강의 - 파이썬 프로그래밍의 기초, 자료형(1)",어 왜 없지?하고 오류를 냅니다.,480,540
"파이썬 왕초보 기초 강의 - 파이썬 프로그래밍의 기초, 자료형(1)",그래서 나온게 escape문자라는게 있는데요.,480,540
"파이썬 왕초보 기초 강의 - 파이썬 프로그래밍의 기초, 자료형(1)",escape code라고 해서 이런 띄어쓰기를 컴퓨터한테 알려주려면,480,540
"파이썬 왕초보 기초 강의 - 파이썬 프로그래밍의 기초, 자료형(1)",백슬래시 하고 n을 넣게 되면 이제는 아까와 다르게 결과가 잘 나왔죠?,480,540
"파이썬 왕초보 기초 강의 - 파이썬 프로그래밍의 기초, 자료형(1)",한줄씩 띄어서 나온걸 볼 수 있습니다.,540,600
"파이썬 왕초보 기초 강의 - 파이썬 프로그래밍의 기초, 자료형(1)",48페이지에 요런 설명이 나오죠?,540,600
"파이썬 왕초보 기초 강의 - 파이썬 프로그래밍의 기초, 자료형(1)",아까 우리는 백슬래시 n을 썼는데 줄을 바꿀 때 이걸 사용하고요,540,600
"파이썬 왕초보 기초 강의 - 파이썬 프로그래밍의 기초, 자료형(1)",이 백슬래시 t를 넣으면 출력할 때 한 탭이 들어갑니다.,540,600
"파이썬 왕초보 기초 강의 - 파이썬 프로그래밍의 기초, 자료형(1)","이 슬래시라는 걸 넣고 싶을 때는, 두개를 쓰면은 넣을 수 있습니다.",540,600
"파이썬 왕초보 기초 강의 - 파이썬 프로그래밍의 기초, 자료형(1)",작은 따옴표 이거 해봤었죠? 큰 따옴표도 이렇게 넣을 수 있습니다.,540,600
"파이썬 왕초보 기초 강의 - 파이썬 프로그래밍의 기초, 자료형(1)",나머지 얘네는 쓸 일이 없습니다. 얘네는 보지 마세요.,540,600
"파이썬 왕초보 기초 강의 - 파이썬 프로그래밍의 기초, 자료형(1)",이거는 뭐 쓸 일이 없어요. 요정도 기억하시면 좋을 것 같습니다.,540,600
"파이썬 왕초보 기초 강의 - 파이썬 프로그래밍의 기초, 자료형(1)",아까 string에서 요렇게 3개 있는것도 있었죠.,540,600
"파이썬 왕초보 기초 강의 - 파이썬 프로그래밍의 기초, 자료형(1)",이렇게 쓰게 되면 이스케이프 문자 이걸 안 쓰고도 그냥 이렇게 엔터를 누르면,540,600
"파이썬 왕초보 기초 강의 - 파이썬 프로그래밍의 기초, 자료형(1)",얘는 이걸 인식해요. 그래서 막 좀 이상한 구조로 막 적어도,540,600
"파이썬 왕초보 기초 강의 - 파이썬 프로그래밍의 기초, 자료형(1)",탭이랑 간격을 다 인식해서 출력할 때 이거 그대로 나오죠.,540,600
"파이썬 왕초보 기초 강의 - 파이썬 프로그래밍의 기초, 자료형(1)",요렇게 세 개 쓰는 거의 장점은 이런 이스케이프 문자 이런걸 안써도,540,600
"파이썬 왕초보 기초 강의 - 파이썬 프로그래밍의 기초, 자료형(1)",여기 문장에 맞게 잘 나올 수 있다. 여러 줄로 이루어져 있을 때,540,600
"파이썬 왕초보 기초 강의 - 파이썬 프로그래밍의 기초, 자료형(1)",작은 따옴표 3개 혹은 큰 따옴표 3개를 이용하면 좋다.,540,600
"파이썬 왕초보 기초 강의 - 파이썬 프로그래밍의 기초, 자료형(1)","문자열 더하기, 문자열을 더해서 연결할 수가 있습니다.",540,600
"파이썬 왕초보 기초 강의 - 파이썬 프로그래밍의 기초, 자료형(1)","Python이었고, b의 is fun 이런 문장이",540,600
"파이썬 왕초보 기초 강의 - 파이썬 프로그래밍의 기초, 자료형(1)",있다고 하면 이때 a 더하기 b를 해 보면 이렇게 문자열이 더해집니다.,600,660
"파이썬 왕초보 기초 강의 - 파이썬 프로그래밍의 기초, 자료형(1)",이즈 펀 있으면 이 두 개를 더할 수가 있습니다. 그 다음에 나온 게 곱하기도 됐었죠.,600,660
"파이썬 왕초보 기초 강의 - 파이썬 프로그래밍의 기초, 자료형(1)","a 곱하기 100, 이런 식으로 하면 문자열이 더하고 곱한다? 이게 사실 수학적으로 보면 좀 이상하잖아요.",600,660
"파이썬 왕초보 기초 강의 - 파이썬 프로그래밍의 기초, 자료형(1)","파이썬에서는 이렇게 쓸 수가 있습니다. 곱하기 100을 하게 되면 파이썬이라는 글자를 곱하기, 즉 100번 출력해라. 이런 뜻이 됩니다.",600,660
"파이썬 왕초보 기초 강의 - 파이썬 프로그래밍의 기초, 자료형(1)",그래서 실제로 출력해 보시면 이렇게 파이썬이 백 번 나오는 걸 볼 수 있습니다.,600,660
"파이썬 왕초보 기초 강의 - 파이썬 프로그래밍의 기초, 자료형(1)",곱하기를 이용해서 문자열 자료형을 여러 번 출력할 수 있다.,600,660
"파이썬 왕초보 기초 강의 - 파이썬 프로그래밍의 기초, 자료형(1)","어, 이제 조금 어려울 수 있는 부분이 나옵니다. 여기서는 좀 집중을 해 주시면 좋을 것 같습니다.",600,660
"파이썬 왕초보 기초 강의 - 파이썬 프로그래밍의 기초, 자료형(1)",여기선 인덱싱이라는 개념이 나옵니다. 인덱싱은 다른 언어에는 스트링에서 인덱싱이 없어요.,600,660
"파이썬 왕초보 기초 강의 - 파이썬 프로그래밍의 기초, 자료형(1)",하려면 막 이상한 함수 쓰고 이래야 되는데 여기서는 굉장히 쉽게 인덱싱에 접근할 수 있어서 이거를 알아보겠습니다.,600,660
"파이썬 왕초보 기초 강의 - 파이썬 프로그래밍의 기초, 자료형(1)",대괄호라고 그러죠. 대괄호와 대괄호 사이에 이 숫자를 넣게 되면 l이 나왔죠.,600,660
"파이썬 왕초보 기초 강의 - 파이썬 프로그래밍의 기초, 자료형(1)",이게 무슨 뜻일까요? a에 대괄호 사이에 0을 넣었습니다. 그랬더니 l이 나왔어요. l은 여기 있죠.,600,660
"파이썬 왕초보 기초 강의 - 파이썬 프로그래밍의 기초, 자료형(1)",그럼 1을 넣으면 뭐가 나올까요? i가 나옵니다. 그러면 이제 이게 뭔지 아시겠나요?,600,660
"파이썬 왕초보 기초 강의 - 파이썬 프로그래밍의 기초, 자료형(1)","0이 첫 글자였고, 1이 두 번째 글자.",600,660
"파이썬 왕초보 기초 강의 - 파이썬 프로그래밍의 기초, 자료형(1)",그러면 f는 어떻게 하면 나올까요. 2를 넣으면 당연히 그 다음 순서니까 이렇게 f가 나오겠죠.,660,720
"파이썬 왕초보 기초 강의 - 파이썬 프로그래밍의 기초, 자료형(1)",이게 바로 인덱싱입니다. 이렇게 긴 문자열이 있으면 각각각이 숫자로 번호가 매겨집니다.,660,720
"파이썬 왕초보 기초 강의 - 파이썬 프로그래밍의 기초, 자료형(1)","책에도 0번이 l이고, 1번이 i고. 이런 식으로 긴 문자열이 있으면 각각 인덱싱이 됩니다.",660,720
"파이썬 왕초보 기초 강의 - 파이썬 프로그래밍의 기초, 자료형(1)",이 i를 가지고 싶다 하면 5를 입력하면 이 i를 가져올 수 있습니다.,660,720
"파이썬 왕초보 기초 강의 - 파이썬 프로그래밍의 기초, 자료형(1)","어, 이런 것도 있습니다. 마이너스 1은 뭘까?",660,720
"파이썬 왕초보 기초 강의 - 파이썬 프로그래밍의 기초, 자료형(1)",한번 쳐 보고 결과를 보는 게 제일 좋겠죠? 마이너스 1을 하면 n이 나왔습니다.,660,720
"파이썬 왕초보 기초 강의 - 파이썬 프로그래밍의 기초, 자료형(1)",이거는 어디서 나왔을까요? 맨뒤에 n이 있죠. 그럼 마이너스 2는 뭘까요. 2를 해 보면 o가 나왔습니다.,660,720
"파이썬 왕초보 기초 강의 - 파이썬 프로그래밍의 기초, 자료형(1)","마이너스 1, 마이너스 2를 하면 거꾸로 갑니다. 이렇게 거꾸로 가는 게 마이너스다.",660,720
"파이썬 왕초보 기초 강의 - 파이썬 프로그래밍의 기초, 자료형(1)",슬라이싱이라는 개념도 있습니다. 이번에는 땡땡 하고 숫자가 하나 더 있죠. 일단 실행해 보겠습니다.,660,720
"파이썬 왕초보 기초 강의 - 파이썬 프로그래밍의 기초, 자료형(1)","라이프라고 나왔습니다. 0이고, 1, 2, 3, 4. 4가 이 빈칸이죠.",660,720
"파이썬 왕초보 기초 강의 - 파이썬 프로그래밍의 기초, 자료형(1)","여기는 이제 뭐 이상, 그리고 두 번째는 뭐 미만입니다. 미만이 이거죠. 이거, 포함 안 하는 거.",660,720
"파이썬 왕초보 기초 강의 - 파이썬 프로그래밍의 기초, 자료형(1)","아까 4였고, 0이었죠. 0을 포함하고, 뭐 이렇게 엑스. 뒤에 하나 더 줄 수 있는데, 간격을 줄 수 있습니다.",660,720
"파이썬 왕초보 기초 강의 - 파이썬 프로그래밍의 기초, 자료형(1)",기본은 이제 한 칸 간격으로 가는데 두 칸 간격으로도 갈 수 있습니다.,660,720
"파이썬 왕초보 기초 강의 - 파이썬 프로그래밍의 기초, 자료형(1)","그러면 예제 이것도 하나 더 해 볼까요? 8이라고 쓴 예제가 있습니다. 이게 이상, 미만, 뒤에 거 간격인데 없죠?",720,780
"파이썬 왕초보 기초 강의 - 파이썬 프로그래밍의 기초, 자료형(1)","비워 놓으면 이제 무조건 처음부터 시작한다, 이 뜻입니다. 이걸 출력을 해 보면 이렇게 떴죠.",720,780
"파이썬 왕초보 기초 강의 - 파이썬 프로그래밍의 기초, 자료형(1)","즉 처음부터 시작해서 8, 인덱스. 네, 이 r이 8이죠. 8번인데, 이거 미만이라고 했으니까 얘는 포함이 아닙니다.",720,780
"파이썬 왕초보 기초 강의 - 파이썬 프로그래밍의 기초, 자료형(1)",이거까지가 나오는 게 맞겠죠. 이렇게 자르는 게 이제 슬라이싱. 이렇게 문자열을 자른다고 해서 슬라이싱이라고 부릅니다.,720,780
"파이썬 왕초보 기초 강의 - 파이썬 프로그래밍의 기초, 자료형(1)",반대로 얘는 이상이죠. 8 이상 하고 뒤에 안 넣었어요. 여기는 끝까지입니다. 맨끝까지.,720,780
"파이썬 왕초보 기초 강의 - 파이썬 프로그래밍의 기초, 자료형(1)",그래서 이거를 실행해 보시면 r부터 끝까지 Rainy가 나온 것을 확인할 수 있습니다.,720,780
"파이썬 왕초보 기초 강의 - 파이썬 프로그래밍의 기초, 자료형(1)","간격까지 넣으면 처음부터 끝까지 한 칸 간격, 이렇게 해서 쭉 나오죠.",720,780
"파이썬 왕초보 기초 강의 - 파이썬 프로그래밍의 기초, 자료형(1)","그러면 여기 간격을 2로 늘려 볼게요. 처음부터 끝까지 중에 두 칸씩 간다, 이런 뜻이죠.",720,780
"파이썬 왕초보 기초 강의 - 파이썬 프로그래밍의 기초, 자료형(1)","두 칸씩이면 1, 3, 5, 7 이렇게 가겠죠. 이런 식으로 조절을 할 수 있습니다.",720,780
"파이썬 왕초보 기초 강의 - 파이썬 프로그래밍의 기초, 자료형(1)","어려운 걸 했습니다. 인덱싱, 슬라이싱을 여러분은 배우셨습니다.",720,780
"파이썬 왕초보 기초 강의 - 파이썬 프로그래밍의 기초, 자료형(1)",이제 이거를 활용할 일이 굉장히 많아요. 제대로 알아 놓으시면 나중에 엄청 쓸 일이 많습니다.,720,780
"파이썬 왕초보 기초 강의 - 파이썬 프로그래밍의 기초, 자료형(1)",예전에 제가 강의 다른 것 중에 인공지능이 코드 생성하는 것 중에 이런 코드가 있었습니다.,720,780
"파이썬 왕초보 기초 강의 - 파이썬 프로그래밍의 기초, 자료형(1)","이제는 이해 가시나요? 개념을 몰랐을 때는 어, 인공지능이 코드 생성했는데 이게 뭐지? 라고 생각하셨을 수 있을 것 같은데",780,840
"파이썬 왕초보 기초 강의 - 파이썬 프로그래밍의 기초, 자료형(1)","뒤로 읽는 이 값이랑 s, 그냥 일반 값이랑 같냐 이렇게 확인하는 과정이 이런 함수를 썼었습니다.",780,840
"파이썬 왕초보 기초 강의 - 파이썬 프로그래밍의 기초, 자료형(1)",슬라이싱의 개념을 배우셨으니까 이게 뭔지를 여러분도 이해를 하실 수 있습니다.,780,840
"파이썬 왕초보 기초 강의 - 파이썬 프로그래밍의 기초, 자료형(1)","간격 부분이 기준이 되는 건가요? 기준은 첫 번째, 두 번째가 처음과 끝, 이상 미만이었죠.",780,840
"파이썬 왕초보 기초 강의 - 파이썬 프로그래밍의 기초, 자료형(1)",첫 번째가 기준이겠죠. 마이너스 2 하면 이렇게 두 칸씩 뒤로 갑니다. 여기에 b에...,780,840
"파이썬 왕초보 기초 강의 - 파이썬 프로그래밍의 기초, 자료형(1)","마이너스 2를 하면 두 칸씩 7, 5, 3, 1 이렇게 뒤로 두 칸씩.",780,840
"파이썬 왕초보 기초 강의 - 파이썬 프로그래밍의 기초, 자료형(1)",문자열 포매팅에 대해서 배울 건데요. 이런 게 있습니다.,780,840
"파이썬 왕초보 기초 강의 - 파이썬 프로그래밍의 기초, 자료형(1)",이거를 일단 무조건 실행해 보면 I eat 3 apples라고 나옵니다.,780,840
"파이썬 왕초보 기초 강의 - 파이썬 프로그래밍의 기초, 자료형(1)",퍼센트 d가 들어간 자리에 뒤에 있는 숫자가 이렇게 들어가는 것을 볼 수 있습니다.,780,840
"파이썬 왕초보 기초 강의 - 파이썬 프로그래밍의 기초, 자료형(1)",이거를 왜 쓰냐면 따옴표를 여러 번 안 닫아 줘도 되겠죠. 이렇게 쓰면 더 편할 수 있다. 이런 거의 유형이 굉장히 많습니다.,780,840
"파이썬 왕초보 기초 강의 - 파이썬 프로그래밍의 기초, 자료형(1)",그래서 이래서 이걸 쓰기 귀찮으니까 이걸 쓰자 해 가지고 포매팅을 쓴다. 그러면 이런 식으로 쓸 수도 있습니다.,780,840
"파이썬 왕초보 기초 강의 - 파이썬 프로그래밍의 기초, 자료형(1)",I ate... 나는 몇 개의 사과를 먹었고. So I was sick for... 며칠 동안 아팠다 이거를,780,840
"파이썬 왕초보 기초 강의 - 파이썬 프로그래밍의 기초, 자료형(1)","직접 다 플러스, 플러스 하려면 좀 귀찮겠죠. 그냥 이렇게 포매팅을 쓰면 훨씬 간편합니다.",840,900
"파이썬 왕초보 기초 강의 - 파이썬 프로그래밍의 기초, 자료형(1)","아까는 하나만 썼었는데, 여러 개가 들어갈 수도 있겠죠.",840,900
"파이썬 왕초보 기초 강의 - 파이썬 프로그래밍의 기초, 자료형(1)","여러 개가 들어갈 때는 괄호 열고, 괄호 닫고 이 사이에 넘버, 아까 이거 10이었죠.",840,900
"파이썬 왕초보 기초 강의 - 파이썬 프로그래밍의 기초, 자료형(1)","10을 여기 넣고, three를 여기 넣으면... 이걸 실행해 보면",840,900
"파이썬 왕초보 기초 강의 - 파이썬 프로그래밍의 기초, 자료형(1)",I ate 10 apples. So I was sick for three days. 이 값들이 각각 매핑 돼서 들어간 것을 볼 수 있습니다.,840,900
"파이썬 왕초보 기초 강의 - 파이썬 프로그래밍의 기초, 자료형(1)","네, 인트님이 네, 이렇게 말씀해 주시는데 책에도 이게 나오죠. 네, 이거.",840,900
"파이썬 왕초보 기초 강의 - 파이썬 프로그래밍의 기초, 자료형(1)","이거를 보신 것 같은데 이거 아까 퍼센트 d만 봤었는데, 퍼센트 s도 있죠.",840,900
"파이썬 왕초보 기초 강의 - 파이썬 프로그래밍의 기초, 자료형(1)","이제 문자열을 나타낼 때 이렇게 쓰고, 퍼센트 d는 아까 정수 나타낼 때 이거 쓰고, 다른 것도 쓸 수 있습니다.",840,900
"파이썬 왕초보 기초 강의 - 파이썬 프로그래밍의 기초, 자료형(1)",여기서 중요한 건 이게 좀 사기입니다. 퍼센트 s를 쓰면 다 쓸 수 있습니다.,840,900
"파이썬 왕초보 기초 강의 - 파이썬 프로그래밍의 기초, 자료형(1)",이런 넘버도 아무리 뭐 숫자나 다른 형이더라도 뭐 1.2 이런 것도 그냥 스트링으로 쓰면 그냥 문자열로 바뀌어서 들어갑니다.,840,900
"파이썬 왕초보 기초 강의 - 파이썬 프로그래밍의 기초, 자료형(1)",퍼센트 s로 쓰면 제일 간편하게 쓸 수 있습니다.,840,900
"파이썬 왕초보 기초 강의 - 파이썬 프로그래밍의 기초, 자료형(1)","이런 것도 있습니다. 이렇게 하고, 이렇게 있는데 점 포맷, 뭐 이렇게 있다 라고 하면",840,900
"파이썬 왕초보 기초 강의 - 파이썬 프로그래밍의 기초, 자료형(1)",이렇게 하고 a를 출력하면 이렇게 사이에 있죠. 이 사이...,840,900
"파이썬 왕초보 기초 강의 - 파이썬 프로그래밍의 기초, 자료형(1)",사이에 이렇게 안녕 이렇게 넣을 수도 있습니다.,900,960
"파이썬 왕초보 기초 강의 - 파이썬 프로그래밍의 기초, 자료형(1)",아니면 name 해가지고 변수 이름을 줄 수도 있습니다.,900,960
"파이썬 왕초보 기초 강의 - 파이썬 프로그래밍의 기초, 자료형(1)","이름은 이시영님, 이시영님 입력하면",900,960
"파이썬 왕초보 기초 강의 - 파이썬 프로그래밍의 기초, 자료형(1)",name자리에 이렇게 변수이름을 줘서 이렇게 넣을수도 있습니다.,900,960
"파이썬 왕초보 기초 강의 - 파이썬 프로그래밍의 기초, 자료형(1)","여기에 뭐 age, 나이 넣다, 나이를 넣는다하면은 뒤에",900,960
"파이썬 왕초보 기초 강의 - 파이썬 프로그래밍의 기초, 자료형(1)","age해가지고 3 이렇게 넣으면은, 원래대로라면",900,960
"파이썬 왕초보 기초 강의 - 파이썬 프로그래밍의 기초, 자료형(1)",이렇게 넣고 이렇게 넣을 것 같잖아요?,900,960
"파이썬 왕초보 기초 강의 - 파이썬 프로그래밍의 기초, 자료형(1)",근데 이제는 변수 이름 따라서 이시영님이 여기로 들어가고,900,960
"파이썬 왕초보 기초 강의 - 파이썬 프로그래밍의 기초, 자료형(1)",age가 이렇게 들어가고 각각 변수에 맞춰서 포매팅도 할 수 있습니다.,900,960
"파이썬 왕초보 기초 강의 - 파이썬 프로그래밍의 기초, 자료형(1)",이걸 막 엄청 외울 필요는 없고 찾아봐서 쓸 수 있는거라,900,960
"파이썬 왕초보 기초 강의 - 파이썬 프로그래밍의 기초, 자료형(1)","이런게 있다 정도, 3.6 버전 이상부터는 이런 것도 됩니다.",900,960
"파이썬 왕초보 기초 강의 - 파이썬 프로그래밍의 기초, 자료형(1)",65페이지 아래쪽부터 나오는데요,900,960
"파이썬 왕초보 기초 강의 - 파이썬 프로그래밍의 기초, 자료형(1)","그래서 name이라는게 int, 네 이렇게 쓰면은",900,960
"파이썬 왕초보 기초 강의 - 파이썬 프로그래밍의 기초, 자료형(1)",뒤에 뭐 포맷이런거 복잡하게 안써도 앞에 f 하나면 붙여도,900,960
"파이썬 왕초보 기초 강의 - 파이썬 프로그래밍의 기초, 자료형(1)","name자리에 이름이 들어가서 나의 이름은 int입니다, 이렇게 나올 수가 있습니다.",900,960
"파이썬 왕초보 기초 강의 - 파이썬 프로그래밍의 기초, 자료형(1)",포매팅은 뭐 크게 어려운 개념은 아니고 더하기 쓰기 귀찮으니까,900,960
"파이썬 왕초보 기초 강의 - 파이썬 프로그래밍의 기초, 자료형(1)",넣는 그런 과정이라고 볼 수 있겠습니다.,900,960
"파이썬 왕초보 기초 강의 - 파이썬 프로그래밍의 기초, 자료형(1)","정렬과 공백, 아 이거는 뭐 거의 쓸 일이 없는데",900,960
"파이썬 왕초보 기초 강의 - 파이썬 프로그래밍의 기초, 자료형(1)",나왔으니까 하나만 보면은 아까는 이거 이거 있었죠?,900,960
"파이썬 왕초보 기초 강의 - 파이썬 프로그래밍의 기초, 자료형(1)",이거면은 hi가 여기로 들어가는거였는데 여기에 10을 넣었습니다.,900,960
"파이썬 왕초보 기초 강의 - 파이썬 프로그래밍의 기초, 자료형(1)",10을 넣으면 뭐가 달라지나? 이렇게 10칸이 뛰어집니다.,960,1020
"파이썬 왕초보 기초 강의 - 파이썬 프로그래밍의 기초, 자료형(1)",10칸이 뛰어지고 hi가 나온다. 칸을 조절할 수 있다 이런거구요.,960,1020
"파이썬 왕초보 기초 강의 - 파이썬 프로그래밍의 기초, 자료형(1)","마이너스도 할 수 있습니다. 왼쪽 정렬,",960,1020
"파이썬 왕초보 기초 강의 - 파이썬 프로그래밍의 기초, 자료형(1)",여기는 10칸이 가운데 있고 왼쪽에 hi가 있죠?,960,1020
"파이썬 왕초보 기초 강의 - 파이썬 프로그래밍의 기초, 자료형(1)",마이너스 10을 이 s사이에 넣게 되면 이렇게도 정렬할 수 있다.,960,1020
"파이썬 왕초보 기초 강의 - 파이썬 프로그래밍의 기초, 자료형(1)",아 소수점 표현은 이거는 좀 많이 씁니다.,960,1020
"파이썬 왕초보 기초 강의 - 파이썬 프로그래밍의 기초, 자료형(1)",실수형을 쓰려면 원래는 이거였어요.,960,1020
"파이썬 왕초보 기초 강의 - 파이썬 프로그래밍의 기초, 자료형(1)",float형 얘를 여기로 집어넣겠다. 그래서 실행하면은 이렇게 나오는데,960,1020
"파이썬 왕초보 기초 강의 - 파이썬 프로그래밍의 기초, 자료형(1)",보통 막 문제나 직접 뭘 개발할 때도,960,1020
"파이썬 왕초보 기초 강의 - 파이썬 프로그래밍의 기초, 자료형(1)",소수점 너무 길게 나오면 좀 보기가 그렇잖아요.,960,1020
"파이썬 왕초보 기초 강의 - 파이썬 프로그래밍의 기초, 자료형(1)",그래서 좀 자르는 경우도 있죠. 자르는 경우에는,960,1020
"파이썬 왕초보 기초 강의 - 파이썬 프로그래밍의 기초, 자료형(1)",이게 몇 번째 자리까지 자를지 이걸 쓸 수 있는데,960,1020
"파이썬 왕초보 기초 강의 - 파이썬 프로그래밍의 기초, 자료형(1)",0.4 뭐 이런식으로 하면 0이 앞으로 갔다 뒤로 갔다하는 간격이고,960,1020
"파이썬 왕초보 기초 강의 - 파이썬 프로그래밍의 기초, 자료형(1)",점 4는 소수점 몇째자리까지 남길거냐 이거를 표시할 수 있습니다.,960,1020
"파이썬 왕초보 기초 강의 - 파이썬 프로그래밍의 기초, 자료형(1)",그래서 이거를 실행해보면 지금 3.4213 해가지고 4자리까지만 나왔죠,960,1020
"파이썬 왕초보 기초 강의 - 파이썬 프로그래밍의 기초, 자료형(1)",즉 이렇게 0.4를 퍼센트와 f 사이 넣게되면 소수점을 제한할 수 있습니다.,960,1020
"파이썬 왕초보 기초 강의 - 파이썬 프로그래밍의 기초, 자료형(1)",그래서 이거는 좀 자주 쓰는 거라 기억해 두시면 좋을 것 같습니다.,960,1020
"파이썬 왕초보 기초 강의 - 파이썬 프로그래밍의 기초, 자료형(1)",이게 좋은게 다른 언어에는 이런 기능이 있는 것도 있겠지만 없는 게 많아요.,960,1020
"파이썬 왕초보 기초 강의 - 파이썬 프로그래밍의 기초, 자료형(1)",이런 거는 파이썬이 되게 잘 돼 있습니다.,960,1020
"파이썬 왕초보 기초 강의 - 파이썬 프로그래밍의 기초, 자료형(1)",그래서 이런거 한번씩 그냥 써보면은,960,1020
"파이썬 왕초보 기초 강의 - 파이썬 프로그래밍의 기초, 자료형(1)",나중에 이걸 막 엄청 외워야지 하고 외우는게 아니라,1020,1080
"파이썬 왕초보 기초 강의 - 파이썬 프로그래밍의 기초, 자료형(1)",그냥 이런게 있었구나라고 기억하면은,1020,1080
"파이썬 왕초보 기초 강의 - 파이썬 프로그래밍의 기초, 자료형(1)",나중에 구글 검색해서 이걸 찾아쓰기 좋겠죠.,1020,1080
"파이썬 왕초보 기초 강의 - 파이썬 프로그래밍의 기초, 자료형(1)",그래서 오늘 그냥 수업은 이걸 막 열심히 외워야지 하고 보는게 아니라,1020,1080
"파이썬 왕초보 기초 강의 - 파이썬 프로그래밍의 기초, 자료형(1)",그냥 아 이런게 있었구나 라고 머리속에만 담아가시면,1020,1080
"파이썬 왕초보 기초 강의 - 파이썬 프로그래밍의 기초, 자료형(1)",구글링해서 찾아 쓸 수 있으니까 그게 오늘의 수업의 목표입니다.,1020,1080
"파이썬 왕초보 기초 강의 - 파이썬 프로그래밍의 기초, 자료형(1)",그럼 이거 이것도 해보겠습니다.,1020,1080
"파이썬 왕초보 기초 강의 - 파이썬 프로그래밍의 기초, 자료형(1)",count라는게 함수에요. 아까는 뭐 이렇게 해서 슬라이싱 했었죠.,1020,1080
"파이썬 왕초보 기초 강의 - 파이썬 프로그래밍의 기초, 자료형(1)","어떤 게 있으면 string에 점 찍어서 count, 자동완성이 되는데",1020,1080
"파이썬 왕초보 기초 강의 - 파이썬 프로그래밍의 기초, 자료형(1)",이게 함수입니다. 함수가 뭐냐면 마법처럼 이런기능을 하는,1020,1080
"파이썬 왕초보 기초 강의 - 파이썬 프로그래밍의 기초, 자료형(1)",어떤 미리 만들어 놓은 기능입니다. 예시를 보면 아실거에요.,1020,1080
"파이썬 왕초보 기초 강의 - 파이썬 프로그래밍의 기초, 자료형(1)",점 하고 count라고 했죠. 그러면 여기 들어가는 문자열의 갯수를 세주게 됩니다.,1020,1080
"파이썬 왕초보 기초 강의 - 파이썬 프로그래밍의 기초, 자료형(1)",hobby라는 글자에 b가 몇 개 들어가 있나요? 여기 두 개 들어가있죠?,1020,1080
"파이썬 왕초보 기초 강의 - 파이썬 프로그래밍의 기초, 자료형(1)",이러면 2가 나왔죠? 즉 hobby에서 b의 갯수를 count한다.,1020,1080
"파이썬 왕초보 기초 강의 - 파이썬 프로그래밍의 기초, 자료형(1)","count함수, find 이것도 자주 사용할 수 있는데",1020,1080
"파이썬 왕초보 기초 강의 - 파이썬 프로그래밍의 기초, 자료형(1)",find가 찾다 이런 영어죠. 그럼 b를 찾다 이런거겠죠?,1020,1080
"파이썬 왕초보 기초 강의 - 파이썬 프로그래밍의 기초, 자료형(1)",그러면 2가 나왔습니다. 그럼 왜 2가 나왔을까 생각해보면,1020,1080
"파이썬 왕초보 기초 강의 - 파이썬 프로그래밍의 기초, 자료형(1)","인덱스가 0부터 시작해서 0,1,2 이렇게 가죠? 즉 이게 인덱스가 2번이죠?",1020,1080
"파이썬 왕초보 기초 강의 - 파이썬 프로그래밍의 기초, 자료형(1)",즉 find라는 함수를 쓰면 가장 먼저 나오는 b의 인덱스,1080,1140
"파이썬 왕초보 기초 강의 - 파이썬 프로그래밍의 기초, 자료형(1)",2번을 찾아서 리턴을 해준다라고 알 수 있습니다.,1080,1140
"파이썬 왕초보 기초 강의 - 파이썬 프로그래밍의 기초, 자료형(1)",두번째 b는 안 걸려요. 이게 처음에 딱 걸린 다음에 바로 나오는 거라,1080,1140
"파이썬 왕초보 기초 강의 - 파이썬 프로그래밍의 기초, 자료형(1)",두번째 b는 안나오고 가장 처음 걸린 b가 나옵니다.,1080,1140
"파이썬 왕초보 기초 강의 - 파이썬 프로그래밍의 기초, 자료형(1)",그럼 여기 없는 걸 넣으면 어떻게 될까요?,1080,1140
"파이썬 왕초보 기초 강의 - 파이썬 프로그래밍의 기초, 자료형(1)",x이런건 여기에 없죠? 이거를 실행해보면,1080,1140
"파이썬 왕초보 기초 강의 - 파이썬 프로그래밍의 기초, 자료형(1)",마이너스 1이 나옵니다. 즉 없으면 마이너스1이 나오고,1080,1140
"파이썬 왕초보 기초 강의 - 파이썬 프로그래밍의 기초, 자료형(1)",있으면 그거의 인덱스가 나옵니다.,1080,1140
"파이썬 왕초보 기초 강의 - 파이썬 프로그래밍의 기초, 자료형(1)",그래서 이거는 되게 자주 사용됩니다. 나중에 배울 if문이랑 결합을 해서,1080,1140
"파이썬 왕초보 기초 강의 - 파이썬 프로그래밍의 기초, 자료형(1)",글자가 있으면 어떤 걸 처리하고 없으면 어떻게 하고,1080,1140
"파이썬 왕초보 기초 강의 - 파이썬 프로그래밍의 기초, 자료형(1)",이런 경우가 되게 많아요. 그래서 find는 자주 사용하실 수 있을 것 같습니다.,1080,1140
"파이썬 왕초보 기초 강의 - 파이썬 프로그래밍의 기초, 자료형(1)",그리고 index라는 것도 있는데,1080,1140
"파이썬 왕초보 기초 강의 - 파이썬 프로그래밍의 기초, 자료형(1)","똑같이 있으면 리턴하는데, 없으면 이렇게 에러가 납니다.",1080,1140
"파이썬 왕초보 기초 강의 - 파이썬 프로그래밍의 기초, 자료형(1)",쓰기에는 아마 find가 더 편하실거에요. 근데 index라는 것도 있다.,1080,1140
"파이썬 왕초보 기초 강의 - 파이썬 프로그래밍의 기초, 자료형(1)","그리고 이제 join, 이 string을 기준으로",1080,1140
"파이썬 왕초보 기초 강의 - 파이썬 프로그래밍의 기초, 자료형(1)",점 join은 이 뒤에 나오는 이 문자열을 쪼개서 이거 기준으로 join을 하겠다,1080,1140
"파이썬 왕초보 기초 강의 - 파이썬 프로그래밍의 기초, 자료형(1)",이런 의미입니다. abcd가 각각 콤마를 기준으로 쪼개졌었죠.,1080,1140
"파이썬 왕초보 기초 강의 - 파이썬 프로그래밍의 기초, 자료형(1)",이거는 string에서보다 뒤에서 리스트를 배울 때 더 많이 쓰는데요.,1080,1140
"파이썬 왕초보 기초 강의 - 파이썬 프로그래밍의 기초, 자료형(1)",이제 이것도 많이 씁니다. 리스트를 안에 넣게되면,1080,1140
"파이썬 왕초보 기초 강의 - 파이썬 프로그래밍의 기초, 자료형(1)",이거랑 조인하면 이 string하나로 만들어 줍니다.,1080,1140
"파이썬 왕초보 기초 강의 - 파이썬 프로그래밍의 기초, 자료형(1)","그래서 이거 기준으로 문자열을 삽입한다, abcd가 있으면 나눠준다.",1140,1200
"파이썬 왕초보 기초 강의 - 파이썬 프로그래밍의 기초, 자료형(1)","이렇게 아시면 될 것 같고, upper, lower,",1140,1200
"파이썬 왕초보 기초 강의 - 파이썬 프로그래밍의 기초, 자료형(1)",이렇게 소문자 대문자 바꾸는거 이런 것도 많이 하고,1140,1200
"파이썬 왕초보 기초 강의 - 파이썬 프로그래밍의 기초, 자료형(1)",공백 지우기 strip이란 걸 쓰기도 합니다.,1140,1200
"파이썬 왕초보 기초 강의 - 파이썬 프로그래밍의 기초, 자료형(1)",hi 이런거 있으면 a.upper를 하게 되면,1140,1200
"파이썬 왕초보 기초 강의 - 파이썬 프로그래밍의 기초, 자료형(1)",hi가 소문자죠? 이걸 실행하면 대문자로 바뀝니다.,1140,1200
"파이썬 왕초보 기초 강의 - 파이썬 프로그래밍의 기초, 자료형(1)",upper는 a라는 string을 대문자로 바꾸는 함수고,1140,1200
"파이썬 왕초보 기초 강의 - 파이썬 프로그래밍의 기초, 자료형(1)",lower는 hi가 대문자일때 소문자로 바꿔주는 함수다.,1140,1200
"파이썬 왕초보 기초 강의 - 파이썬 프로그래밍의 기초, 자료형(1)",공백있을 때 strip을 하게 되면 이렇게 공백을 없애줍니다.,1140,1200
"파이썬 왕초보 기초 강의 - 파이썬 프로그래밍의 기초, 자료형(1)",hi만 나오게 되고요. 이런 함수가 있다.,1140,1200
"파이썬 왕초보 기초 강의 - 파이썬 프로그래밍의 기초, 자료형(1)",이걸 단어를 외워야 되냐라고 파랑구름님 말씀해주셨는데,1140,1200
"파이썬 왕초보 기초 강의 - 파이썬 프로그래밍의 기초, 자료형(1)","이걸 외울 필요는 없고,",1140,1200
"파이썬 왕초보 기초 강의 - 파이썬 프로그래밍의 기초, 자료형(1)",그냥 이런게 있었지라는 느낌을 가져가는 게 제일 좋을 것 같아요.,1140,1200
"파이썬 왕초보 기초 강의 - 파이썬 프로그래밍의 기초, 자료형(1)",쿠폰코드가 있어요. 다 대문자로 바꿔야 돼,1140,1200
"파이썬 왕초보 기초 강의 - 파이썬 프로그래밍의 기초, 자료형(1)",어 이거 대문자로 바꾸는 거 뭐였지? 구글에 파이썬 대문자 요런게 나오죠.,1140,1200
"파이썬 왕초보 기초 강의 - 파이썬 프로그래밍의 기초, 자료형(1)","upper 이런거, 아 그럼 upper였지 하고 복사해서 쓰시면 됩니다.",1140,1200
"파이썬 왕초보 기초 강의 - 파이썬 프로그래밍의 기초, 자료형(1)","어떤게 있었지 정도의 느낌만 가지고 있다가, 찾아봐서 쓰면 됩니다.",1140,1200
"파이썬 왕초보 기초 강의 - 파이썬 프로그래밍의 기초, 자료형(1)",네 김재원님 말씀해주셨는데 자주 쓰다보면 외워집니다.,1140,1200
"파이썬 왕초보 기초 강의 - 파이썬 프로그래밍의 기초, 자료형(1)",아 이거 외워야지 하고 막 깜지 쓰면서 외우는,1140,1200
"파이썬 왕초보 기초 강의 - 파이썬 프로그래밍의 기초, 자료형(1)",프로그래밍은 절대 그런 과목이 아닙니다. 문자열 바꾸기 이제 replace,1140,1200
"파이썬 왕초보 기초 강의 - 파이썬 프로그래밍의 기초, 자료형(1)","수도 있습니다. Life is too short 해서 리플레이스라는 함수, 뒤에 콤마로 이렇게 두 개의 요소를 넣습니다.",1200,1260
"파이썬 왕초보 기초 강의 - 파이썬 프로그래밍의 기초, 자료형(1)","Life를 넣고, 뒤에 Your leg를 넣죠.",1200,1260
"파이썬 왕초보 기초 강의 - 파이썬 프로그래밍의 기초, 자료형(1)","리플레이스가 뭐냐면 Life라는 걸 Your leg로 교체한다, 이런 뜻입니다.",1200,1260
"파이썬 왕초보 기초 강의 - 파이썬 프로그래밍의 기초, 자료형(1)",실행해 보면 이제 Life가 Your leg로 바뀌어서 이렇게 나온 걸 볼 수 있죠.,1200,1260
"파이썬 왕초보 기초 강의 - 파이썬 프로그래밍의 기초, 자료형(1)","아, 스플릿. 이것도 되게 많이 쓰이는데 프린트 스플릿을 하면 어떻게 될까요?",1200,1260
"파이썬 왕초보 기초 강의 - 파이썬 프로그래밍의 기초, 자료형(1)",이 띄어쓰기를 기준으로 잘라서 이 리스트로 만듭니다. 리스트가 이제 바로 뒤에 배울 건데요.,1200,1260
"파이썬 왕초보 기초 강의 - 파이썬 프로그래밍의 기초, 자료형(1)",문자열 자료형이 있으면 그걸 띄어쓰기 기준으로 자른다. 만약에 여기에 뭔가를 넣으면,1200,1260
"파이썬 왕초보 기초 강의 - 파이썬 프로그래밍의 기초, 자료형(1)",이런게 있다고 생각해 보면 이걸 넣으면 이렇게 이 특정 문자열 기준으로 자를 수가 있습니다.,1200,1260
"파이썬 왕초보 기초 강의 - 파이썬 프로그래밍의 기초, 자료형(1)",리스트. 리스트는 왜 쓰냐면 변수가 상자라고 배웠었는데 이게 하나일 때는 괜찮은데 막 여러 개로 늘어났어요.,1200,1260
"파이썬 왕초보 기초 강의 - 파이썬 프로그래밍의 기초, 자료형(1)",출석부 같은 경우에 그 사람들 이름이 이렇게 다 여러 개로 들어가면 변수 여러 개를 관리하기가 힘들잖아요.,1200,1260
"파이썬 왕초보 기초 강의 - 파이썬 프로그래밍의 기초, 자료형(1)","그래서 이렇게 서랍장처럼 1번, 2번, 3번을 하나의 변수에서 관리할 수 있죠.",1200,1260
"파이썬 왕초보 기초 강의 - 파이썬 프로그래밍의 기초, 자료형(1)","네, 이렇게 만들기 위해서 리스트라는 걸 씁니다. 그래서 이게 이제 리스트의 개념이라고 보시면 되는데",1200,1260
"파이썬 왕초보 기초 강의 - 파이썬 프로그래밍의 기초, 자료형(1)",뭐 출석부로 해 볼게요. 이런 식으로 하면 딱 봐도 되게 많아서 이거 뭐 하나 찾으려고 하면,1200,1260
"파이썬 왕초보 기초 강의 - 파이썬 프로그래밍의 기초, 자료형(1)","프린트 하고 아, 이거 뭐였지? 하고 뭐 1 이렇게 해야 출력이 되잖아요?",1260,1320
"파이썬 왕초보 기초 강의 - 파이썬 프로그래밍의 기초, 자료형(1)",이러면 너무 복잡하니까 하나의 변수에서 관리하려면 이 리스트라는 걸 씁니다. 리스트를 어떻게 쓰냐면,1260,1320
"파이썬 왕초보 기초 강의 - 파이썬 프로그래밍의 기초, 자료형(1)","대괄호와 대괄호 사이에 이것들을 넣어 줍니다. 이렇게 관리하면, 이러면 편하겠죠.",1260,1320
"파이썬 왕초보 기초 강의 - 파이썬 프로그래밍의 기초, 자료형(1)",a라는 것에 모든 게 다 담겨 있습니다. 하나의 변수에 여러 개의 값을 관리할 때.,1260,1320
"파이썬 왕초보 기초 강의 - 파이썬 프로그래밍의 기초, 자료형(1)","a라는 변수에 이번에는 뭐 문재성 님을 출력하고 싶다, 이러면",1260,1320
"파이썬 왕초보 기초 강의 - 파이썬 프로그래밍의 기초, 자료형(1)","여기에 1, 이렇게 넣게 되면 문재성 님을... 이게 이것도 아까랑 똑같습니다.",1260,1320
"파이썬 왕초보 기초 강의 - 파이썬 프로그래밍의 기초, 자료형(1)","이런 식으로 하는 게 리스트입니다. 이 리스트는 빈 값으로 쓸 수도 있고, 1, 2, 3 쓸 수도 있고,",1260,1320
"파이썬 왕초보 기초 강의 - 파이썬 프로그래밍의 기초, 자료형(1)","이렇게 문자 쓸 수도 있고, 리스트 안에 이렇게 섞어 쓸 수도 있어요. 이 리스트 안에 또 리스트를 넣을 수 있어요.",1260,1320
"파이썬 왕초보 기초 강의 - 파이썬 프로그래밍의 기초, 자료형(1)",그러면 이거를 출력하려면 a의 네 번째를 하면 이 리스트가 그대로 나옵니다.,1260,1320
"파이썬 왕초보 기초 강의 - 파이썬 프로그래밍의 기초, 자료형(1)","그래서 이거를 리턴이 되고, 이 리스트에 한 번 더 1번을 넣으면, 또 재생을 해 보면 이런 식으로... 만세 삼도리 님을 꺼낼 수 있었습니다.",1260,1320
"파이썬 왕초보 기초 강의 - 파이썬 프로그래밍의 기초, 자료형(1)","리스트 안에 리스트를 넣을 수 있고. 이 리스트 안에, 리스트 안에, 리스트 안에, 이렇게 계속 무한적으로 들어갈 수도 있겠죠.",1260,1320
"파이썬 왕초보 기초 강의 - 파이썬 프로그래밍의 기초, 자료형(1)","리스트의 인덱싱. a는 1, 2, 3 이렇게 있으면 a0 하면 뭐가 나올까요? 이 1번이 나오겠죠.",1260,1320
"파이썬 왕초보 기초 강의 - 파이썬 프로그래밍의 기초, 자료형(1)","a0 더하기 a2. a0번이 이거죠. a2번은 0, 1, 2니까 3이겠죠.",1320,1380
"파이썬 왕초보 기초 강의 - 파이썬 프로그래밍의 기초, 자료형(1)",1 더하기 3 해서 4가 나온다. 인덱싱도 있었으면 슬라이싱도 다 똑같이 있겠죠? 슬라이싱도 이런 식으로 할 수 있습니다.,1320,1380
"파이썬 왕초보 기초 강의 - 파이썬 프로그래밍의 기초, 자료형(1)",여기 a라는 이런 리스트가 있어요. 0부터 3 미만까지.,1320,1380
"파이썬 왕초보 기초 강의 - 파이썬 프로그래밍의 기초, 자료형(1)","그러면 이거 전까지 출력해 보면 이렇게 1, 2, 3이 나오죠. 4 전까지 자른 걸 확인할 수 있습니다.",1320,1380
"파이썬 왕초보 기초 강의 - 파이썬 프로그래밍의 기초, 자료형(1)","네, 리스트도 아까 스트링처럼 더하기도 됩니다. 1, 2, 3이라는 리스트가 있고 4, 5, 6이라는 b라는 리스트가 있으면",1320,1380
"파이썬 왕초보 기초 강의 - 파이썬 프로그래밍의 기초, 자료형(1)",이 두 개의 리스트를 더할 수가 있습니다. 이 두 개를 더해서 이 리스트가 하나의 리스트로 합쳐집니다.,1320,1380
"파이썬 왕초보 기초 강의 - 파이썬 프로그래밍의 기초, 자료형(1)",a 플러스 b라는 새로운 리스트가 나오는데 이게 두 개가 이어집니다. 곱하기도...,1320,1380
"파이썬 왕초보 기초 강의 - 파이썬 프로그래밍의 기초, 자료형(1)","이렇게 1, 2, 3, 1, 2, 3, 1, 2, 3 곱하게 되면 여러 번 출력이 됩니다.",1320,1380
"파이썬 왕초보 기초 강의 - 파이썬 프로그래밍의 기초, 자료형(1)","리스트 값 수정하기. 이거를 한번 교체를 해 보겠습니다. a의 0번, 박주하 님을 한재성 님 하기로 했었는데.",1320,1380
"파이썬 왕초보 기초 강의 - 파이썬 프로그래밍의 기초, 자료형(1)","이렇게 하면 출력을 해 보면, 오, 바뀌었죠? 한재성 님을 0번 자리에 넣으니까",1320,1380
"파이썬 왕초보 기초 강의 - 파이썬 프로그래밍의 기초, 자료형(1)",이 박주하 님 대신에 한재성 님이 들어가서 이렇게 나온 것을 확인할 수 있죠.,1320,1380
"파이썬 왕초보 기초 강의 - 파이썬 프로그래밍의 기초, 자료형(1)",연속되게 교체할 수도 있어요. 0에서 2까지라고 하면 이렇게 교체도 됩니다.,1320,1380
"파이썬 왕초보 기초 강의 - 파이썬 프로그래밍의 기초, 자료형(1)","0부터 2까지면 2 미만이죠. 이렇게 김정현 님, 스톱모션 맨 님으로 교체를 한 거죠.",1380,1440
"파이썬 왕초보 기초 강의 - 파이썬 프로그래밍의 기초, 자료형(1)",여러 개로 교체를 할 수도 있습니다.,1380,1440
"파이썬 왕초보 기초 강의 - 파이썬 프로그래밍의 기초, 자료형(1)",삭제하는 것도 있는데 여기서 빈 리스트로 교체하면 이게 삭제하는 거겠죠?,1380,1440
"파이썬 왕초보 기초 강의 - 파이썬 프로그래밍의 기초, 자료형(1)","박주하 님, 잠수 님 대신에 빈 문자를 넣으니까 이렇게 문재성 님만 남죠.",1380,1440
"파이썬 왕초보 기초 강의 - 파이썬 프로그래밍의 기초, 자료형(1)",이렇게 리스트가 있을 때 빈 리스트로 교체를 하면 바뀐다. 이런 식도 있습니다.,1380,1440
"파이썬 왕초보 기초 강의 - 파이썬 프로그래밍의 기초, 자료형(1)","델 하고 a의 0번, 없애면 a의 0번 박주하 님이죠?",1380,1440
"파이썬 왕초보 기초 강의 - 파이썬 프로그래밍의 기초, 자료형(1)",그래서 0번을 딜리트 하면 이제 a를 출력했을 때 이렇게 두 분이 남게 됩니다.,1380,1440
"파이썬 왕초보 기초 강의 - 파이썬 프로그래밍의 기초, 자료형(1)",리스트에도 함수가 많습니다. 어펜드부터 하나씩 보겠습니다.,1380,1440
"파이썬 왕초보 기초 강의 - 파이썬 프로그래밍의 기초, 자료형(1)","a의 1, 2, 3이라는 게 있어요. 어펜드라는 게 추가한다, 이런 의미거든요.",1380,1440
"파이썬 왕초보 기초 강의 - 파이썬 프로그래밍의 기초, 자료형(1)",시우버 님을 추가하면 이런 식으로 기존의 리스트가 있는데 이번에는 함수를 썼죠.,1380,1440
"파이썬 왕초보 기초 강의 - 파이썬 프로그래밍의 기초, 자료형(1)",어펜드라는 함수를 이용해서 시우버 님을 리스트의 마지막에 추가했습니다.,1380,1440
"파이썬 왕초보 기초 강의 - 파이썬 프로그래밍의 기초, 자료형(1)","정렬도 굉장히 많이 쓰이는데 가나다 순으로 정렬이 되고, 숫자의 경우에는 a 점 소트, 이제 1, 3, 5 이렇게 정렬이 됐죠.",1380,1440
"파이썬 왕초보 기초 강의 - 파이썬 프로그래밍의 기초, 자료형(1)","즉 소트를 하면 문자의 경우에는 가나다, 혹은 알파벳 순, 숫자의 경우에는 크기 순으로 이렇게 쭉 정렬이 됩니다.",1380,1440
"파이썬 왕초보 기초 강의 - 파이썬 프로그래밍의 기초, 자료형(1)",리스트 뒤집기. 리버스라는 함수도 있습니다. 여기에 리버스를 하면 이거를 거꾸로 돌리겠죠.,1380,1440
"파이썬 왕초보 기초 강의 - 파이썬 프로그래밍의 기초, 자료형(1)","거꾸로 3, 5, 1 이렇게 됩니다. 아까 인덱스 스트링에도 있었죠? 여기도 있습니다.",1440,1500
"파이썬 왕초보 기초 강의 - 파이썬 프로그래밍의 기초, 자료형(1)",이걸 프린트에 넣으면 5번이 있냐라고 검사를 했을 때 있으면 1번째에 있죠.,1440,1500
"파이썬 왕초보 기초 강의 - 파이썬 프로그래밍의 기초, 자료형(1)","그래서 1번째의 인덱스, 여기 1을 리턴을 해 줬습니다.",1440,1500
"파이썬 왕초보 기초 강의 - 파이썬 프로그래밍의 기초, 자료형(1)",다음에 인서트. 인서트는 아까 어펜드랑은 다르게 어펜드는 맨뒤에 추가하는 거였죠? 여기는...,1440,1500
"파이썬 왕초보 기초 강의 - 파이썬 프로그래밍의 기초, 자료형(1)",딱 특정 인덱스에 삽입할 수가 있습니다.,1440,1500
"파이썬 왕초보 기초 강의 - 파이썬 프로그래밍의 기초, 자료형(1)","그래서 0 하고 4를 넣으면 이 0번째 인덱스에 4를 추가해라, 이런 뜻이 됩니다.",1440,1500
"파이썬 왕초보 기초 강의 - 파이썬 프로그래밍의 기초, 자료형(1)",0번째 인덱스에 4라는 값이 삽입돼서 들어가는 것을 볼 수 있습니다.,1440,1500
"파이썬 왕초보 기초 강의 - 파이썬 프로그래밍의 기초, 자료형(1)","리무브도 할 수 있습니다. 0번 인덱스, 즉 1번이죠.",1440,1500
"파이썬 왕초보 기초 강의 - 파이썬 프로그래밍의 기초, 자료형(1)","아, 리무브는 인덱스가 아니고 값이네요, 값. 그래서 1이라는 값을 제거한다. 5, 3만 해서 나왔습니다.",1440,1500
"파이썬 왕초보 기초 강의 - 파이썬 프로그래밍의 기초, 자료형(1)",근데 이게 여러 개 있으면 어떻게 될까요? 가장 먼저 걸리는 거 하나만 없어집니다.,1440,1500
"파이썬 왕초보 기초 강의 - 파이썬 프로그래밍의 기초, 자료형(1)",나머지 1은 다 살아 있죠. 그래서 이거를 다 없애려면 for문 이런 거 써서,1440,1500
"파이썬 왕초보 기초 강의 - 파이썬 프로그래밍의 기초, 자료형(1)","if a 이게 남아 있으면 리무브 해라, 뭐 이런 식으로 만들 수도 있겠죠.",1440,1500
"파이썬 왕초보 기초 강의 - 파이썬 프로그래밍의 기초, 자료형(1)",팝이라는 함수도 있습니다. 팝이라는 함수는 이런 리스트가 있으면 마지막 거를 이번엔...,1440,1500
"파이썬 왕초보 기초 강의 - 파이썬 프로그래밍의 기초, 자료형(1)",빼냅니다.,1500,1560
"파이썬 왕초보 기초 강의 - 파이썬 프로그래밍의 기초, 자료형(1)",그럼 a라는 리스트에서 a.pop을 통해서 3번이 튀어나왔습니다.,1500,1560
"파이썬 왕초보 기초 강의 - 파이썬 프로그래밍의 기초, 자료형(1)","3번이 출력이 되고, 1, 5가 남았죠.",1500,1560
"파이썬 왕초보 기초 강의 - 파이썬 프로그래밍의 기초, 자료형(1)","리스트 중에 마지막 게 튀어나가고, a 리스트에는 얘가 제외된 1,5가 남게 됩니다.",1500,1560
"파이썬 왕초보 기초 강의 - 파이썬 프로그래밍의 기초, 자료형(1)","count, count를 해보겠습니다.",1500,1560
"파이썬 왕초보 기초 강의 - 파이썬 프로그래밍의 기초, 자료형(1)",a.count,1500,1560
"파이썬 왕초보 기초 강의 - 파이썬 프로그래밍의 기초, 자료형(1)","1을 하게 되면, 1이 몇 개 있는지 세주겠죠? 3개 있죠.",1500,1560
"파이썬 왕초보 기초 강의 - 파이썬 프로그래밍의 기초, 자료형(1)",리스트에 있는 이거의 개수를 세준다.,1500,1560
"파이썬 왕초보 기초 강의 - 파이썬 프로그래밍의 기초, 자료형(1)","이제 마지막, extend a.",1500,1560
"파이썬 왕초보 기초 강의 - 파이썬 프로그래밍의 기초, 자료형(1)","extend를 하게 되면, 이 리스트를 넣을 수 있습니다.",1500,1560
"파이썬 왕초보 기초 강의 - 파이썬 프로그래밍의 기초, 자료형(1)",a라는 리스트가 있는데 extend를 통해서 이거를 추가를 했어요.,1500,1560
"파이썬 왕초보 기초 강의 - 파이썬 프로그래밍의 기초, 자료형(1)","여기 2, 3이 추가돼서, 이렇게 나오죠.",1500,1560
"파이썬 왕초보 기초 강의 - 파이썬 프로그래밍의 기초, 자료형(1)",리스트에서 쓸 수 있는 함수들에 대해서 알아볼 수 있었습니다.,1500,1560
"파이썬 왕초보 기초 강의 - 파이썬 프로그래밍의 기초, 자료형(1)",자료형이란 걸 배웠고요.,1500,1560
"파이썬 왕초보 기초 강의 - 파이썬 프로그래밍의 기초, 자료형(1)",자료형을 알고 있다면 그 언어의 절반을 터득했다라고 할 정도로 중요한 자료형을 배웠습니다.,1500,1560
"파이썬 왕초보 기초 강의 - 파이썬 프로그래밍의 기초, 자료형(1)",자료형은 1+1이 꼭 2가 아닐 수 있다.,1500,1560
"파이썬 왕초보 기초 강의 - 파이썬 프로그래밍의 기초, 자료형(1)",이게 string이면 string끼리 더해서 11이 나올 수가 있다.,1500,1560
"파이썬 왕초보 기초 강의 - 파이썬 프로그래밍의 기초, 자료형(1)","숫자, 문자 자료형을 봤었죠.",1500,1560
"파이썬 왕초보 기초 강의 - 파이썬 프로그래밍의 기초, 자료형(1)","변수, 리스트 봤었는데, 이거는 다음주에 다룰 예정입니다.",1500,1560
"파이썬 왕초보 기초 강의 - 파이썬 프로그래밍의 기초, 자료형(1)",변수가 뭔지 배웠죠?,1500,1560
"파이썬 왕초보 기초 강의 - 파이썬 프로그래밍의 기초, 자료형(1)","3이 등호가 아니고, 3을 넣는다의 의미입니다.",1500,1560
"파이썬 왕초보 기초 강의 - 파이썬 프로그래밍의 기초, 자료형(1)","이게 양변이 없어지는 게 아니고, 이걸 더해서 넣는다.",1500,1560
"파이썬 왕초보 기초 강의 - 파이썬 프로그래밍의 기초, 자료형(1)","왼쪽에 넣는다, 이거의 의미죠.",1560,1620
"파이썬 왕초보 기초 강의 - 파이썬 프로그래밍의 기초, 자료형(1)","숫자형은 이런 게 있었고, 얘는 안 쓰이고, 사칙연산, 제곱, 퍼센트 할 수 있었고, 몫도 구할 수 있었죠.",1560,1620
"파이썬 왕초보 기초 강의 - 파이썬 프로그래밍의 기초, 자료형(1)","4가지 만드는 방법이 있고, 따옴표를 포함하려면 이런 식으로                  하면 됩니다.",1560,1620
"파이썬 왕초보 기초 강의 - 파이썬 프로그래밍의 기초, 자료형(1)","백슬래시, 백슬래시 이거죠. 여러줄로 이루어 졌을 때,",1560,1620
"파이썬 왕초보 기초 강의 - 파이썬 프로그래밍의 기초, 자료형(1)",이 스케이프 문자를 쓰면 다음 줄로 내릴 수 있다.,1560,1620
"파이썬 왕초보 기초 강의 - 파이썬 프로그래밍의 기초, 자료형(1)",문자열을 더해서 연결할 수 있었죠.,1560,1620
"파이썬 왕초보 기초 강의 - 파이썬 프로그래밍의 기초, 자료형(1)","곱하기도 할 수 있었고, 인덱싱도 할 수 있었고, 슬라이싱이라고 해서 이렇게 자르는 거, 몇 번째부터 몇 번째까지 자른다.",1560,1620
"파이썬 왕초보 기초 강의 - 파이썬 프로그래밍의 기초, 자료형(1)","이거 중요했었죠. 이거, 이거 잘 알아두셔야 됩니다.",1560,1620
"파이썬 왕초보 기초 강의 - 파이썬 프로그래밍의 기초, 자료형(1)","포매팅, 이거 더하기, 쓰기 귀찮으니까 이렇게 쓸 수 있었고",1560,1620
"파이썬 왕초보 기초 강의 - 파이썬 프로그래밍의 기초, 자료형(1)","정렬과 공백, 간격 둘 수 있었고, 소수점 몇째자리 이렇게 쓸 수 있었습니다.",1560,1620
"파이썬 왕초보 기초 강의 - 파이썬 프로그래밍의 기초, 자료형(1)",카운트로 하면 특정 문자의 개수를 세주고요.,1560,1620
"파이썬 왕초보 기초 강의 - 파이썬 프로그래밍의 기초, 자료형(1)",파인드를 하면 가장 첫번째에 있는 이 b의 인덱스를 리턴해줍니다.,1560,1620
"파이썬 왕초보 기초 강의 - 파이썬 프로그래밍의 기초, 자료형(1)",없으면 -1이 나옵니다.,1560,1620
"파이썬 왕초보 기초 강의 - 파이썬 프로그래밍의 기초, 자료형(1)","인덱스라는 걸 이용하면, 이제는 여기에 없으면 에러가 납니다.",1560,1620
"파이썬 왕초보 기초 강의 - 파이썬 프로그래밍의 기초, 자료형(1)","있으면 똑같이 인덱스를 리턴해주고, 문자열 삽입, 조인 있었죠.",1560,1620
"파이썬 왕초보 기초 강의 - 파이썬 프로그래밍의 기초, 자료형(1)","그리고 어퍼, 로어, 대소문자 바꾸고, 스트립은 양쪽에 빈공간 지우는 거.",1560,1620
"파이썬 왕초보 기초 강의 - 파이썬 프로그래밍의 기초, 자료형(1)","리플레이스는 교체하는 거, 스플릿, 이것도 많이 쓰이는, 기본적으로 스플릿 아무것도 안 넣으면 그냥 띄어쓰기 기준으로 나눠지고",1560,1620
"파이썬 왕초보 기초 강의 - 파이썬 프로그래밍의 기초, 자료형(1)","그리고 이런 문자 있는데, 이거 기준으로 나누면 특정 문자 기준으로 나눌 수 있었다.",1620,1680
"파이썬 왕초보 기초 강의 - 파이썬 프로그래밍의 기초, 자료형(1)","리스트는 이렇게 출석부 이런 것처럼 여러개의 변수가 있을 때, 한 번에 관리하기 위해서 썼었고요.",1620,1680
"파이썬 왕초보 기초 강의 - 파이썬 프로그래밍의 기초, 자료형(1)",여러 자료형이 한 번에 들어갈 수 있다.,1620,1680
"파이썬 왕초보 기초 강의 - 파이썬 프로그래밍의 기초, 자료형(1)","인덱싱도 스트링에서 인덱싱처럼 똑같이 0번, 1번, 2번, 이렇게 나눌 수 있었습니다.",1620,1680
"파이썬 왕초보 기초 강의 - 파이썬 프로그래밍의 기초, 자료형(1)","마이너스는 뒤에서부터 하는 거고, 슬라이싱도 똑같이하고, 더하기도 똑같고, 곱하기도 똑같이 할 수 있었습니다.",1620,1680
"파이썬 왕초보 기초 강의 - 파이썬 프로그래밍의 기초, 자료형(1)",값 수정하기 할 수 있었죠.,1620,1680
"파이썬 왕초보 기초 강의 - 파이썬 프로그래밍의 기초, 자료형(1)","특정 인덱스 바꿀 수 있었고, 연속된 값도 이렇게 리스트로 수정할 수 있었습니다.",1620,1680
"파이썬 왕초보 기초 강의 - 파이썬 프로그래밍의 기초, 자료형(1)","특정 요소 삭제하려면 빈 리스트로 교체를 하거나, 델 함수를 이용해서 삭제를 할 수도 있었습니다.",1620,1680
"파이썬 왕초보 기초 강의 - 파이썬 프로그래밍의 기초, 자료형(1)",어펜드도 할 수 있었고요.,1620,1680
"파이썬 왕초보 기초 강의 - 파이썬 프로그래밍의 기초, 자료형(1)","소트는 정렬, 가나다순, 혹은 숫자순 이렇게 정렬할 수 있었고, 뒤집기, 리버스를 이용해서 기존에 있던 걸 뒤집을 수 있었습니다.",1620,1680
"파이썬 왕초보 기초 강의 - 파이썬 프로그래밍의 기초, 자료형(1)","위치 변환, 인덱스 아까 스트링에도 나왔었죠.",1620,1680
"파이썬 왕초보 기초 강의 - 파이썬 프로그래밍의 기초, 자료형(1)","특정한 이 요소가 몇 번째 인덱스에 있는지, 그걸 찾을 수 있는 거였고요.",1620,1680
"파이썬 왕초보 기초 강의 - 파이썬 프로그래밍의 기초, 자료형(1)","인서트는 특정 순서에, 특정 인덱스에 어떤 걸 넣을 수 있었습니다.",1620,1680
"파이썬 왕초보 기초 강의 - 파이썬 프로그래밍의 기초, 자료형(1)",리무브로 가장 첫번째에 나온 특정 값을 제거할 수 있었고요.,1620,1680
"파이썬 왕초보 기초 강의 - 파이썬 프로그래밍의 기초, 자료형(1)","팝은 맨 마지막 거를 끄집어내고, 이 맨 마지막 게 없어져요.",1680,1740
"파이썬 왕초보 기초 강의 - 파이썬 프로그래밍의 기초, 자료형(1)","카운트, 특정 요소가 몇 개 있는지 세 줄 수 있는 함수가 있었습니다.",1680,1740
"파이썬 왕초보 기초 강의 - 파이썬 프로그래밍의 기초, 자료형(1)",그리고 마지막으로 익스텐드를 통해서 특정 리스트를 또 리스트 안에 추가를 할 수 있었습니다.,1680,1740
"파이썬 왕초보 기초 강의 - 파이썬 프로그래밍의 기초, 자료형(1)","과제, 과제 하나 내드리겠습니다.",1680,1740
"파이썬 왕초보 기초 강의 - 파이썬 프로그래밍의 기초, 자료형(1)",112쪽에 연습문제가 있어요.,1680,1740
"파이썬 왕초보 기초 강의 - 파이썬 프로그래밍의 기초, 자료형(1)","연습문제도 한 번 풀어보시면, 확실히 복습이 되실 거예요.",1680,1740
"파이썬 왕초보 기초 강의 - 파이썬 프로그래밍의 기초, 자료형(1)",114쪽에 7번까지 풀어보시면 좋을 것 같습니다.,1680,1740
"파이썬 왕초보 기초 강의 - 파이썬 프로그래밍의 기초, 자료형(1)",그러면 고생하셨습니다.,1680,1740
"파이썬 왕초보 기초 강의 - 파이썬 프로그래밍의 기초, 자료형(1)",긴시간 참여해주셔서 감사드리고요.,1680,1740
"파이썬 왕초보 기초 강의 - 파이썬 프로그래밍의 기초, 자료형(1)",방종하겠습니다.,1680,1740
"파이썬 왕초보 기초 강의 - 파이썬 프로그래밍의 기초, 자료형(1)",감사합니다.,1680,1740
